id	filmId	personId	roleId
1	77	416	1
2	139	1510	2
5	95	1006	1
6	7	1111	1
7	38	1347	1
8	132	543	1
9	396	1478	1
10	466	1117	1
11	385	1512	1
12	349	1512	1
13	109	1537	1
14	55	1223	1
16	57	428	3
17	353	1077	1
19	57	1552	1
20	332	709	4
21	104	361	1
22	422	822	1
25	441	1733	1
26	24	618	1
27	32	715	1
28	387	177	1
30	413	1353	1
31	443	1225	2
32	44	1733	1
33	163	558	1
35	606	1733	1
36	12	1190	1
37	102	1625	4
39	309	320	4
41	150	1579	2
42	81	416	1
43	193	388	1
44	429	1752	1
45	128	802	1
46	316	360	1
47	306	204	1
48	5	1537	1
50	315	564	1
51	55	1347	1
52	206	435	1
54	21	1101	1
55	356	1077	1
56	75	219	1
57	205	801	1
61	40	694	1
63	57	968	1
64	436	1020	1
65	58	1415	1
68	179	968	1
70	467	584	1
72	356	766	1
73	353	1626	1
75	45	132	1
76	12	943	1
78	82	862	1
79	97	1783	1
80	423	1537	1
81	82	1077	1
82	352	17	3
83	31	1192	1
84	429	1733	1
85	204	121	1
86	332	233	1
89	26	898	1
90	173	1430	1
91	408	1331	1
92	146	850	1
93	123	1225	2
97	337	243	1
99	443	1636	1
102	409	1478	1
104	23	61	1
106	120	1176	1
108	372	1060	1
109	344	248	1
110	161	1138	1
111	319	183	1
112	74	1704	1
114	55	694	1
115	357	1210	1
116	365	278	1
118	309	1472	1
119	142	1161	1
120	308	1733	1
121	147	461	1
122	101	676	3
123	308	842	3
124	305	709	4
125	68	955	1
126	99	422	2
128	439	17	4
129	404	1424	1
130	442	1739	1
131	310	883	1
132	462	694	1
134	119	1274	1
135	17	1225	2
138	310	602	1
139	303	862	1
140	87	413	2
142	8	405	4
143	164	1333	1
145	425	602	1
146	35	352	1
147	372	847	1
148	63	1478	1
149	148	822	1
152	41	744	1
153	106	1082	1
154	191	352	1
155	183	195	1
156	464	1424	1
157	425	715	1
159	339	1333	1
161	54	836	1
163	97	822	1
164	21	764	1
165	30	127	1
167	423	278	1
171	367	405	4
172	185	1616	1
173	456	388	1
177	19	885	2
182	23	109	1
183	315	518	1
184	363	1187	4
187	328	1674	1
188	371	742	1
191	303	1626	1
192	362	709	3
193	408	1006	1
194	157	314	1
196	8	1547	1
197	101	112	1
199	36	614	4
200	189	413	2
201	96	1077	1
202	443	233	1
206	85	540	4
207	437	461	1
212	29	151	1
215	62	754	1
218	405	112	1
220	128	206	1
222	20	883	1
224	423	764	1
226	467	1767	1
227	95	1556	1
228	390	500	4
229	14	204	1
230	58	126	1
231	146	461	1
233	410	1070	2
234	185	1674	1
235	98	1361	4
236	435	1415	1
237	604	1036	3
238	95	862	1
239	390	1225	2
240	139	1472	1
241	324	1225	2
245	64	705	4
246	371	1271	1
247	151	61	1
249	360	1225	2
250	381	375	3
251	135	62	1
253	381	744	1
254	421	999	1
255	437	1333	1
257	45	1609	1
260	7	1177	1
267	113	1264	1
268	470	461	1
271	121	862	1
273	112	461	1
274	323	858	1
277	180	1091	1
278	400	1020	1
279	442	1415	1
280	191	943	1
281	50	557	1
283	341	933	4
284	421	592	1
285	86	62	1
286	385	243	1
290	323	1217	4
294	128	1024	1
296	7	1631	1
297	33	1143	4
298	67	1017	2
299	119	883	1
300	201	1538	1
301	454	640	1
304	14	1077	1
305	78	1621	1
306	355	243	1
309	372	1754	4
310	408	408	1
311	185	1531	1
312	367	1626	1
313	449	453	3
314	195	709	3
315	146	1390	1
316	40	1119	2
319	330	1285	1
320	204	1643	4
321	159	1077	1
322	363	744	1
323	164	745	1
324	100	596	4
326	94	413	2
327	105	744	1
329	402	221	1
330	69	327	1
331	19	106	1
333	357	1415	1
334	66	585	1
336	104	540	4
338	143	883	1
339	186	587	1
340	50	676	3
341	16	385	1
342	130	222	1
343	442	1225	2
345	438	898	1
346	332	151	1
347	443	1101	1
348	473	587	1
349	53	206	1
350	77	887	2
351	29	1367	1
352	373	1264	1
353	30	122	1
357	197	585	1
359	41	524	1
363	360	372	1
366	347	693	1
367	372	132	1
372	472	1397	1
373	101	461	1
374	25	1397	1
375	437	1579	2
376	348	1616	1
380	364	1415	1
381	607	204	1
382	328	1430	1
383	192	375	4
384	409	1219	1
387	332	1783	1
388	195	587	1
390	107	1424	1
391	107	1374	1
393	460	1192	1
394	424	1610	1
395	363	243	1
396	35	1716	1
398	9	1748	1
401	94	526	1
402	466	278	1
403	199	177	1
404	435	524	1
406	454	188	1
407	122	1225	2
409	22	1219	1
414	33	594	1
415	379	33	1
416	310	1537	1
420	147	17	3
422	139	188	1
423	183	879	3
425	358	1610	1
427	332	1196	1
428	155	311	1
429	96	248	1
430	159	1569	1
431	20	518	1
432	128	887	2
436	405	824	1
437	11	1175	1
440	423	1333	1
442	190	1132	1
443	177	760	1
447	200	883	1
448	303	1101	1
449	442	603	1
450	450	24	1
451	22	1748	1
452	205	1006	1
453	68	352	1
454	5	1367	1
455	192	1162	1
458	350	121	1
459	334	1610	1
460	303	1249	1
461	414	1490	1
462	368	757	1
463	414	1544	1
465	194	1077	1
467	360	221	1
468	53	1674	1
470	72	1650	1
471	371	632	1
473	194	943	1
474	45	1500	1
475	197	1733	1
476	346	667	1
477	91	1552	1
478	96	587	1
480	446	862	1
481	372	1254	1
482	131	745	1
483	372	862	1
485	157	1748	1
486	169	132	1
488	147	1353	1
490	151	943	1
492	205	1579	2
493	80	1478	1
495	47	1397	1
496	433	1077	1
497	84	248	1
498	128	912	1
499	346	1430	1
500	364	1225	2
501	123	723	1
502	332	1674	1
503	414	1060	1
504	16	1096	1
505	72	823	4
506	601	1225	2
508	189	667	1
511	130	727	1
512	120	1263	1
514	361	541	1
515	19	1210	1
517	69	694	1
522	143	243	1
523	461	1478	1
524	95	883	1
527	189	1353	1
528	328	1113	1
529	108	693	1
531	303	413	2
532	34	765	1
533	462	1113	1
534	27	1192	1
535	388	715	1
536	386	744	1
537	329	131	4
542	196	474	1
543	84	506	1
544	191	132	1
545	205	694	1
547	357	1622	1
548	117	352	1
551	204	906	4
552	379	898	1
553	197	1622	1
554	156	1225	2
555	51	1017	2
556	386	206	1
557	145	204	1
558	33	862	1
560	399	775	4
563	4	715	1
564	427	1109	1
566	40	61	1
569	325	1077	1
571	412	352	1
573	74	625	1
574	323	1217	3
575	16	13	1
576	15	1347	1
577	92	388	1
578	98	862	1
579	171	1075	4
587	197	1367	1
590	97	17	4
592	437	1449	1
593	108	1590	4
594	381	278	1
595	404	1490	1
596	401	873	1
600	57	577	1
601	172	694	1
603	329	1012	1
604	446	1071	1
605	406	1100	1
606	368	267	1
607	368	1733	1
608	10	1556	1
610	406	313	1
612	47	585	1
613	348	17	4
614	169	1367	1
617	21	1006	1
620	16	1370	4
621	429	842	3
627	383	609	2
628	45	1478	1
630	50	577	1
631	325	871	1
632	358	416	1
633	332	709	3
637	170	501	3
638	28	121	1
641	39	1478	1
642	116	1424	1
643	396	1537	1
645	72	1017	2
646	158	424	1
648	87	152	3
650	450	1367	1
651	185	558	1
654	347	17	3
655	45	1579	2
657	33	1634	1
659	12	121	1
661	90	1733	1
662	413	39	4
663	318	1733	1
664	194	1643	4
667	422	112	1
668	185	883	1
669	30	584	1
670	400	188	1
671	368	1116	1
674	414	1739	1
675	390	1593	1
677	601	586	1
685	388	243	1
686	24	696	4
687	453	445	3
688	324	1096	1
689	330	1694	1
690	367	24	1
691	386	1674	1
692	387	388	1
693	115	1285	1
694	416	518	1
695	124	1225	2
696	378	1665	1
700	74	883	1
701	157	524	1
705	604	847	1
706	68	1510	2
707	461	509	1
710	342	1210	1
712	151	1196	1
713	188	802	1
714	53	585	1
715	317	745	1
716	116	1196	1
718	371	254	3
719	26	1674	1
721	165	1117	1
722	122	707	1
723	21	126	1
725	176	352	1
729	378	373	1
730	174	1610	1
731	414	1225	2
732	445	822	1
733	197	1511	1
734	32	1543	1
735	196	824	1
736	415	1579	2
737	301	416	1
738	139	1752	1
740	78	1390	1
742	62	1748	1
744	170	1674	1
745	198	1333	1
750	79	581	3
751	80	352	1
752	9	873	1
756	315	1463	1
761	95	195	1
765	379	876	3
767	410	843	1
769	356	585	1
770	386	221	1
772	362	1528	2
773	100	195	1
774	16	1547	1
775	27	1430	1
778	129	1430	1
779	363	1017	2
783	151	1347	1
785	402	1694	1
786	45	233	1
787	163	388	1
789	423	564	1
790	326	570	2
791	73	1537	1
793	59	3	3
795	388	246	1
798	357	461	1
799	36	1739	1
802	199	112	1
803	396	871	1
805	160	694	1
807	431	1478	1
809	395	1107	4
810	195	416	1
811	156	1694	1
812	54	524	1
814	420	541	1
815	146	1481	1
816	398	890	1
817	395	1074	1
818	174	248	1
819	84	1020	1
820	67	1109	1
821	424	500	4
823	405	204	1
824	425	437	3
825	349	388	1
826	61	1097	1
827	84	1225	2
828	329	305	1
830	164	883	1
831	191	1530	1
832	124	775	4
833	361	727	1
837	459	1430	1
838	80	715	1
839	404	1547	1
840	101	577	1
841	128	1367	1
843	455	968	1
844	427	1511	1
845	95	587	1
846	204	1674	1
847	27	864	4
850	62	1424	1
852	98	847	1
853	52	1604	1
854	424	1026	1
855	27	667	1
857	606	518	1
859	169	764	1
860	99	693	1
861	154	305	1
862	124	603	1
866	173	1547	1
868	161	602	1
869	461	1425	1
871	158	329	4
873	302	802	1
874	325	1537	1
876	97	745	1
877	145	131	4
880	445	267	1
882	21	1634	1
883	52	1674	1
884	343	902	1
885	433	1478	1
886	155	204	1
887	435	1397	1
889	107	1060	1
893	338	1060	1
897	604	461	1
898	53	278	1
899	55	1643	4
900	205	1537	1
901	28	112	1
907	136	754	1
909	322	1091	1
911	159	248	1
912	402	879	3
913	197	745	1
914	151	17	4
917	99	1691	2
918	123	1610	1
920	117	846	1
921	101	847	1
924	387	1060	1
926	91	437	3
928	158	1077	1
929	407	1703	1
930	159	603	1
931	420	38	1
933	73	602	1
935	440	248	1
938	452	594	1
939	430	102	3
941	425	435	1
943	311	121	1
944	99	524	1
945	382	1111	1
946	357	943	1
949	27	709	4
950	463	206	1
952	123	540	3
953	73	596	3
954	354	862	1
956	356	1733	1
961	383	883	1
962	100	596	3
963	312	1449	1
965	134	413	2
966	143	38	1
967	31	765	1
968	98	110	1
969	366	1528	2
971	159	745	1
972	429	1353	1
973	348	1547	1
974	4	898	1
975	400	427	1
976	321	1057	1
977	99	28	3
978	417	1590	4
979	344	17	3
980	73	1418	1
981	169	1634	1
983	389	1221	1
985	401	1117	1
987	309	422	2
989	147	693	1
991	169	422	2
992	81	1196	1
993	396	1187	4
994	398	1674	1
996	79	609	2
997	53	1026	1
1001	604	1166	4
1004	161	858	1
1008	426	1364	4
1010	104	1700	1
1011	70	518	1
1012	138	1225	2
1016	58	327	1
1017	327	1342	1
1018	53	1107	4
1020	108	1626	1
1021	457	524	1
1022	388	788	1
1023	35	11	3
1024	331	1778	1
1025	372	753	1
1028	474	106	1
1030	325	676	3
1032	148	1130	3
1034	38	753	1
1037	394	762	4
1038	348	693	1
1039	44	1665	1
1040	65	159	3
1041	374	267	1
1042	14	943	1
1045	30	585	1
1049	45	1547	1
1050	364	862	1
1052	437	1634	1
1053	171	1020	1
1054	175	715	1
1055	129	195	1
1056	439	745	1
1057	405	1120	1
1058	50	883	1
1060	52	594	1
1061	26	1017	2
1062	308	1593	1
1066	450	1537	1
1067	450	1148	4
1068	29	1510	2
1069	60	435	1
1070	9	305	1
1072	62	1478	1
1073	369	632	1
1074	470	1367	1
1076	394	1733	1
1078	9	320	3
1079	157	1006	1
1080	475	585	1
1084	81	206	1
1085	339	1739	1
1086	412	1579	2
1087	87	564	1
1089	346	1415	1
1090	183	585	1
1092	185	1225	2
1093	461	866	4
1094	606	220	1
1097	443	1221	1
1099	165	868	4
1102	352	243	1
1108	38	13	1
1110	43	1213	3
1112	125	744	1
1115	326	1225	2
1117	332	1424	1
1118	145	304	1
1119	46	883	1
1122	140	587	1
1123	417	320	3
1125	97	1386	1
1126	105	1664	1
1129	425	121	1
1130	321	1424	1
1131	400	1415	1
1132	19	1574	1
1133	194	1543	1
1134	403	1225	2
1136	404	586	1
1137	174	461	1
1139	334	1272	1
1140	329	1213	3
1141	41	1225	2
1142	39	1111	1
1146	103	1778	1
1149	25	243	1
1150	50	1219	1
1151	342	62	1
1154	87	202	1
1157	357	305	1
1158	311	427	1
1159	188	1415	1
1160	447	1674	1
1161	174	1547	1
1162	201	68	1
1164	395	571	2
1166	170	883	1
1167	475	388	1
1169	65	202	1
1171	82	248	1
1172	154	493	1
1175	172	883	1
1176	183	1674	1
1177	186	901	1
1178	401	1225	2
1179	200	1285	1
1181	346	102	3
1182	144	1424	1
1184	179	1100	1
1185	385	11	3
1187	62	1634	1
1190	33	883	1
1192	354	1674	1
1193	350	24	1
1194	78	1543	1
1195	14	873	1
1196	373	1700	1
1197	79	372	1
1200	171	1749	1
1202	73	587	1
1203	471	1481	1
1205	45	1285	1
1206	383	248	1
1208	43	1077	1
1209	131	188	1
1210	87	898	1
1212	184	11	3
1213	45	651	3
1214	425	1579	2
1215	153	298	3
1217	332	61	1
1218	426	1347	1
1219	79	360	1
1220	26	955	1
1221	367	204	1
1224	412	1175	1
1225	321	1707	3
1228	385	518	1
1229	2	955	1
1231	19	1449	1
1232	444	103	4
1233	145	1017	2
1234	378	603	1
1237	452	899	1
1238	146	1634	1
1240	73	943	1
1241	95	594	1
1243	128	745	1
1244	171	61	1
1246	418	1386	1
1247	119	1121	1
1250	362	862	1
1251	439	1778	1
1252	456	413	2
1255	55	1424	1
1257	162	524	1
1259	392	1225	2
1260	176	1077	1
1261	340	694	1
1262	147	1285	1
1264	406	1020	1
1265	403	300	1
1267	349	899	1
1268	115	727	1
1269	72	676	4
1271	309	1157	4
1272	110	623	1
1273	9	745	1
1275	411	501	3
1277	441	1126	1
1278	405	767	4
1283	121	461	1
1284	358	1100	1
1287	415	1716	1
1289	436	118	1
1290	100	1418	1
1292	154	692	4
1293	140	416	1
1296	173	943	1
1298	322	388	1
1300	452	1264	1
1301	33	437	3
1303	320	1331	1
1304	106	744	1
1307	443	298	4
1308	394	17	3
1309	155	1423	3
1312	390	862	1
1313	400	1622	1
1317	70	883	1
1318	172	1674	1
1319	29	1537	1
1321	362	1783	1
1324	321	304	1
1325	607	1101	1
1326	47	170	1
1328	426	1055	3
1329	415	524	1
1330	438	709	3
1332	423	1674	1
1333	362	1396	1
1334	201	1697	2
1336	436	501	3
1339	460	1231	1
1341	17	1161	1
1342	181	754	1
1345	80	744	1
1346	451	518	1
1349	198	1427	4
1350	467	1390	1
1351	133	1556	1
1352	197	352	1
1354	360	1622	1
1355	453	1077	1
1357	366	1733	1
1359	427	1223	1
1360	403	397	1
1361	466	602	1
1362	418	25	1
1363	16	1424	1
1364	373	518	1
1365	200	1537	1
1366	347	764	1
1368	445	1219	1
1371	170	299	1
1373	64	1552	1
1374	413	379	1
1375	188	1547	1
1377	354	25	1
1380	428	709	3
1381	82	61	1
1383	64	968	1
1384	190	1511	1
1385	460	574	1
1386	104	305	1
1388	303	46	1
1391	191	1225	2
1393	471	709	3
1394	63	1017	2
1395	109	1713	1
1397	455	999	1
1398	330	879	3
1399	169	398	4
1400	97	1424	1
1401	2	1225	2
1402	144	11	4
1403	196	594	1
1405	175	1091	1
1407	420	822	1
1409	408	587	1
1410	159	840	1
1411	129	864	4
1412	381	1225	2
1413	80	822	1
1416	339	62	1
1417	193	509	1
1418	172	898	1
1419	177	219	1
1420	162	1101	1
1422	200	1055	3
1423	349	720	4
1424	47	1423	3
1428	80	248	1
1430	186	278	1
1432	31	755	1
1433	171	62	1
1434	51	801	1
1435	467	1342	1
1436	151	1665	1
1437	373	919	1
1438	461	213	1
1440	332	1639	1
1442	203	248	1
1445	473	1367	1
1446	31	1177	1
1448	388	437	3
1451	456	1674	1
1453	388	1380	1
1454	388	1415	1
1455	198	102	3
1456	159	901	1
1457	159	461	1
1458	431	968	1
1459	317	654	1
1460	80	1495	1
1463	411	1192	1
1464	110	1423	4
1466	59	1547	1
1467	114	1113	1
1470	176	745	1
1471	110	1091	1
1474	39	1101	1
1475	412	300	1
1476	452	1478	1
1477	28	375	4
1478	172	251	3
1482	408	132	1
1483	66	1347	1
1484	427	1622	1
1486	44	153	1
1487	104	1017	2
1490	160	667	1
1491	82	38	1
1493	104	304	1
1496	328	1196	1
1498	165	1225	2
1500	421	413	2
1502	37	388	1
1503	383	1782	1
1504	12	850	1
1505	132	305	1
1506	87	1634	1
1507	54	667	1
1508	332	518	1
1509	136	248	1
1510	146	1395	4
1512	327	126	1
1513	28	195	1
1514	360	416	1
1515	99	1349	1
1516	472	725	1
1517	364	586	1
1520	65	943	1
1523	400	741	1
1524	437	195	1
1525	65	305	1
1526	179	1634	1
1527	20	1120	1
1529	7	1396	1
1530	44	267	1
1533	183	1471	4
1534	437	1331	1
1535	24	1481	1
1536	386	822	1
1537	96	1187	4
1538	392	416	1
1539	52	1424	1
1540	5	745	1
1544	445	305	1
1545	14	221	1
1546	320	1077	1
1548	25	824	1
1553	92	11	3
1555	142	518	1
1556	402	1132	1
1557	313	1397	1
1558	354	1397	1
1561	16	796	4
1563	313	112	1
1565	335	416	1
1566	334	1733	1
1568	442	427	1
1569	117	594	1
1570	424	500	3
1572	113	1716	1
1573	361	159	4
1574	314	1778	1
1576	354	311	1
1577	146	1210	1
1579	91	602	1
1583	157	745	1
1584	163	1449	1
1585	106	1590	4
1587	151	1333	1
1588	414	61	1
1589	104	320	3
1590	302	1590	4
1591	97	413	2
1592	146	1478	1
1593	341	248	1
1594	14	373	1
1597	52	1749	1
1599	447	764	1
1600	328	1733	1
1602	107	416	1
1603	142	846	1
1604	63	715	1
1605	366	1749	1
1606	310	1213	3
1607	440	1547	1
1608	194	1674	1
1612	13	461	1
1613	453	602	1
1615	354	243	1
1616	464	395	1
1617	92	1650	1
1618	415	834	1
1619	339	1639	1
1620	434	676	3
1621	452	46	1
1624	403	883	1
1625	78	540	3
1626	364	1631	1
1628	203	1593	1
1629	351	1706	1
1631	337	1552	1
1632	420	248	1
1634	450	1225	2
1635	331	587	1
1636	474	1430	1
1637	362	1556	1
1638	306	1733	1
1640	27	709	3
1642	128	299	1
1643	53	1333	1
1646	453	17	3
1647	45	1537	1
1648	77	1604	1
1649	157	1579	2
1650	607	585	1
1651	112	1333	1
1652	98	587	1
1653	311	1415	1
1656	334	1060	1
1657	438	1415	1
1658	5	858	1
1660	317	352	1
1661	364	883	1
1662	143	1367	1
1664	150	1461	1
1665	59	1622	1
1666	388	437	4
1667	27	555	4
1668	26	1547	1
1669	383	1100	1
1670	436	822	1
1672	434	461	1
1673	35	1077	1
1674	46	1225	2
1676	84	902	1
1678	415	132	3
1681	174	1367	1
1683	456	587	1
1685	125	327	1
1687	181	1634	1
1688	101	1575	1
1689	314	305	1
1690	119	1012	1
1692	453	1622	1
1693	334	1631	1
1694	347	424	1
1697	338	585	1
1698	173	587	1
1702	405	1060	1
1703	58	110	1
1704	395	1415	1
1705	2	943	1
1707	378	127	1
1708	46	416	1
1709	435	1423	3
1710	30	1478	1
1711	318	195	1
1712	420	881	1
1715	49	278	1
1716	134	871	1
1717	380	754	1
1718	424	709	3
1719	313	1716	1
1724	442	1622	1
1725	374	1333	1
1730	360	616	1
1731	78	1096	1
1732	54	204	1
1733	427	1634	1
1734	142	887	2
1736	135	393	1
1739	99	558	1
1740	44	1415	1
1742	174	1100	1
1746	153	1492	1
1748	175	577	1
1752	338	745	1
1758	411	248	1
1759	179	745	1
1760	35	540	4
1761	174	1528	2
1762	38	1091	1
1763	7	132	1
1764	69	745	1
1766	148	1783	1
1767	131	955	1
1768	342	883	1
1770	82	1415	1
1771	91	461	1
1772	416	38	1
1773	318	1574	1
1774	28	464	1
1776	160	1077	1
1777	153	413	2
1778	165	1415	1
1780	168	1674	1
1781	328	518	1
1782	301	62	1
1783	391	1674	1
1786	99	1264	1
1788	51	526	1
1791	143	1117	1
1792	81	864	1
1794	95	1415	1
1796	305	1399	2
1797	94	38	1
1798	52	847	1
1799	121	943	1
1802	439	195	1
1804	423	873	1
1807	22	1397	1
1809	374	28	4
1810	27	305	1
1812	160	599	4
1813	66	1113	1
1814	310	1285	1
1815	404	921	1
1816	135	1564	4
1818	414	802	1
1819	384	526	1
1820	67	1716	1
1821	169	1390	1
1823	70	1424	1
1824	92	1543	1
1826	113	38	4
1827	325	693	1
1828	359	755	1
1830	323	1478	1
1831	80	603	1
1833	203	755	1
1834	61	943	1
1836	164	112	1
1837	313	1017	2
1838	380	1017	2
1839	33	195	1
1840	165	1530	1
1842	324	1077	1
1843	80	1590	4
1844	316	858	1
1845	195	822	1
1846	44	1622	1
1847	34	1430	1
1849	147	316	1
1850	310	112	1
1851	59	461	1
1852	469	1338	3
1853	311	912	1
1855	22	1223	1
1859	27	121	1
1860	387	555	4
1861	429	1347	1
1862	16	1187	4
1863	373	1349	1
1864	175	278	1
1865	425	1492	1
1867	463	667	1
1868	318	847	1
1870	309	1331	1
1871	316	873	1
1872	206	1225	2
1875	412	1395	4
1876	20	654	1
1877	452	744	1
1878	124	689	1
1879	109	1674	1
1880	347	1703	1
1881	16	204	1
1883	82	587	1
1885	472	992	4
1889	130	267	1
1891	347	592	1
1892	446	1126	1
1894	159	38	1
1895	146	630	1
1896	164	257	1
1898	41	862	1
1899	322	1096	1
1902	135	466	1
1904	148	1562	4
1905	152	1449	1
1906	26	1495	1
1907	41	1511	1
1909	73	1120	1
1910	163	1510	2
1911	9	1274	1
1912	328	850	1
1914	601	1708	1
1918	95	796	4
1919	26	1397	1
1921	366	654	1
1922	9	1049	1
1924	125	352	1
1927	122	408	1
1928	203	524	1
1929	391	1723	4
1930	16	1769	1
1931	322	7	2
1932	363	1537	1
1933	460	842	3
1934	199	862	1
1935	159	416	1
1937	65	1472	1
1942	407	11	3
1943	88	1418	1
1944	350	352	1
1946	81	1006	1
1947	181	1225	2
1948	37	248	1
1949	363	1424	1
1950	27	1263	1
1952	48	17	3
1953	3	1537	1
1954	110	898	1
1958	318	1748	1
1960	198	523	1
1961	11	112	1
1962	153	1703	1
1964	155	578	1
1965	439	1547	1
1968	381	375	4
1970	80	13	1
1971	423	1716	1
1972	150	278	1
1973	332	586	1
1974	339	61	1
1975	2	110	1
1977	50	696	4
1978	421	1049	1
1981	469	984	1
1982	370	474	1
1984	445	262	1
1985	3	152	4
1986	14	883	1
1989	442	1631	1
1990	430	1579	2
1992	16	461	1
1993	124	822	1
1995	57	862	1
1998	88	332	1
1999	43	294	1
2000	335	1347	1
2003	176	1698	1
2005	415	1547	1
2008	386	862	1
2010	58	1096	1
2011	134	1626	1
2013	86	1424	1
2015	99	1221	1
2016	182	1120	1
2017	128	403	1
2018	152	1060	1
2021	400	372	1
2022	14	1006	1
2024	411	1374	1
2027	22	61	1
2028	320	1436	2
2029	301	195	1
2031	182	1176	1
2032	165	1650	1
2034	138	372	1
2036	173	1643	4
2037	91	801	1
2040	182	1579	2
2044	95	524	1
2046	94	837	1
2047	89	156	4
2048	339	1674	1
2049	191	596	3
2051	58	1579	2
2052	128	1537	1
2053	204	1449	1
2054	374	137	4
2057	44	1674	1
2058	102	38	1
2059	348	413	2
2060	316	373	1
2061	173	524	1
2063	139	943	1
2064	147	943	1
2065	190	56	1
2066	97	873	1
2067	381	327	1
2068	22	80	4
2070	177	1674	1
2071	413	745	1
2072	162	267	1
2073	339	586	1
2074	438	195	1
2075	457	1006	1
2076	368	1225	2
2077	415	1353	1
2082	58	577	1
2083	93	1472	1
2085	334	1361	4
2086	302	1733	1
2087	170	1395	4
2088	74	61	1
2089	166	1397	1
2090	344	461	1
2092	197	943	1
2093	26	1390	1
2094	168	822	1
2095	309	585	1
2096	426	204	1
2098	200	603	1
2099	21	898	1
2100	363	449	3
2101	20	1643	4
2102	337	152	3
2103	184	1339	1
2104	368	883	1
2105	10	1579	2
2106	153	248	1
2110	308	416	1
2111	159	1415	1
2114	10	715	1
2115	81	1111	1
2116	378	1530	1
2117	365	1285	1
2119	379	1665	1
2120	119	126	1
2122	413	289	3
2123	158	1017	2
2125	176	788	1
2126	421	1703	1
2127	136	1225	2
2128	176	564	1
2129	605	1113	1
2130	95	984	1
2131	427	102	4
2132	382	299	1
2136	312	1091	1
2137	84	1424	1
2138	169	824	1
2139	415	1397	1
2140	344	1616	1
2142	150	1749	1
2143	453	883	1
2144	438	1733	1
2145	463	327	1
2147	61	602	1
2149	115	220	1
2151	301	1713	1
2152	106	1634	1
2153	34	540	4
2155	58	311	1
2156	17	405	4
2157	436	1430	1
2158	170	672	1
2161	413	1552	1
2162	131	1556	1
2164	5	1778	1
2165	133	372	1
2168	352	1029	1
2169	412	1300	1
2170	132	1225	2
2171	413	305	1
2172	86	305	1
2175	97	846	1
2176	145	22	1
2177	18	188	1
2178	189	22	1
2179	199	1221	1
2181	63	1213	3
2184	438	1196	1
2186	374	602	1
2187	464	1177	1
2188	395	1057	1
2189	457	725	1
2190	304	1100	1
2192	341	1111	1
2193	382	1733	1
2195	436	1429	1
2196	604	577	1
2197	24	1716	1
2200	195	1225	2
2202	461	788	1
2205	133	805	4
2206	58	745	1
2208	420	1463	1
2209	445	1530	1
2211	38	122	1
2212	437	834	1
2213	70	943	1
2214	328	709	3
2216	146	1579	2
2219	36	46	1
2220	153	1077	1
2221	341	195	1
2222	463	1404	4
2223	437	1544	1
2224	56	1285	1
2225	373	1070	2
2229	604	132	1
2230	204	883	1
2232	173	437	3
2233	341	1547	1
2234	348	1298	4
2235	169	1077	1
2236	131	901	1
2238	347	204	1
2239	327	461	1
2240	414	1569	1
2242	23	1694	1
2243	125	993	1
2244	383	1232	4
2245	312	667	1
2246	8	1367	1
2248	172	501	3
2252	140	788	1
2253	317	901	1
2254	96	602	1
2255	453	204	1
2256	428	797	1
2259	168	1397	1
2260	9	1225	2
2261	41	1626	1
2264	345	1126	1
2265	28	267	1
2266	311	740	3
2267	373	1331	1
2268	84	1674	1
2269	52	564	1
2270	466	1225	2
2271	334	1100	1
2273	456	696	4
2275	9	1590	4
2277	385	207	1
2278	77	102	4
2279	116	121	1
2280	416	131	4
2281	61	1472	1
2282	394	1579	2
2283	445	788	1
2284	13	1390	1
2285	395	902	1
2287	196	881	1
2289	310	1187	4
2290	386	765	1
2294	370	1557	4
2295	170	1634	1
2296	149	1783	1
2299	61	248	1
2301	8	1060	1
2302	354	744	1
2303	438	416	1
2304	437	234	4
2305	83	1017	2
2307	143	1210	1
2308	74	1674	1
2310	367	592	1
2311	182	715	1
2312	348	1783	1
2315	380	1772	1
2318	143	788	1
2320	5	38	1
2321	90	1264	1
2322	158	1537	1
2323	303	1274	1
2324	164	221	1
2326	106	1192	1
2327	161	38	1
2328	43	311	1
2330	53	1074	1
2331	404	109	1
2332	113	1604	1
2334	115	320	4
2335	25	435	1
2337	99	753	1
2338	124	17	3
2339	204	1415	1
2341	408	754	1
2342	16	38	1
2343	332	694	1
2346	106	1077	1
2347	401	1096	1
2349	473	1430	1
2350	151	862	1
2351	179	311	1
2352	205	1767	1
2353	381	221	1
2354	116	715	1
2355	141	25	1
2357	385	1349	1
2358	301	359	4
2359	126	1225	2
2361	341	318	4
2366	119	1138	1
2367	435	871	1
2370	174	501	3
2371	56	1626	1
2373	308	177	1
2374	361	1510	2
2377	406	741	1
2378	152	1206	1
2379	334	62	1
2380	33	121	1
2382	435	1674	1
2383	11	1370	3
2385	82	955	1
2386	442	1430	1
2389	391	1052	1
2390	32	1285	1
2392	59	493	1
2393	12	1510	2
2395	103	25	1
2396	433	602	1
2397	368	1472	1
2399	41	943	1
2400	382	1634	1
2402	169	352	1
2404	201	559	1
2405	147	822	1
2408	418	623	1
2409	403	968	1
2411	460	121	1
2412	35	1210	1
2413	387	1077	1
2414	174	1192	1
2415	143	1418	1
2416	10	1674	1
2417	60	437	4
2418	80	1117	1
2422	343	1622	1
2423	467	385	1
2424	40	372	1
2425	359	585	1
2427	76	614	4
2429	188	616	1
2431	55	1348	1
2433	194	1424	1
2434	18	171	1
2435	117	299	1
2437	190	715	1
2439	177	1733	1
2441	72	1077	1
2442	100	715	1
2443	398	452	1
2444	130	1111	1
2447	60	416	1
2448	2	1107	4
2449	121	388	1
2450	173	1575	1
2451	128	1415	1
2452	70	46	1
2454	186	862	1
2455	400	1395	4
2458	415	764	1
2459	143	955	1
2460	164	1395	4
2461	388	1012	1
2462	175	526	1
2463	76	461	1
2465	416	445	3
2466	115	320	3
2468	62	862	1
2469	143	1225	2
2470	73	1166	4
2471	172	842	4
2476	437	243	1
2479	387	11	3
2480	206	357	4
2481	40	1716	1
2482	445	1430	1
2484	48	883	1
2485	105	808	4
2486	166	1347	1
2487	318	518	1
2490	361	1733	1
2491	14	1397	1
2492	95	1197	1
2493	36	694	1
2494	358	121	1
2495	424	765	1
2496	340	822	1
2499	7	993	1
2500	15	461	1
2502	396	757	1
2504	151	416	1
2505	460	667	1
2506	305	709	3
2507	112	195	1
2509	142	159	3
2512	205	1285	1
2513	395	416	1
2515	420	24	1
2517	165	1006	1
2518	79	706	1
2519	473	11	3
2520	157	46	1
2521	13	1510	2
2523	356	757	1
2525	171	337	1
2526	8	58	1
2527	206	1674	1
2530	115	195	1
2531	8	587	1
2532	11	602	1
2533	29	365	4
2535	353	1006	1
2536	79	1631	1
2539	80	1397	1
2540	105	1733	1
2541	368	873	1
2543	431	1070	2
2544	146	416	1
2545	170	1424	1
2546	143	461	1
2547	51	1077	1
2549	342	709	3
2552	117	526	1
2558	157	1733	1
2561	55	1544	1
2562	354	1064	4
2563	372	28	4
2564	17	564	1
2565	473	1579	2
2569	149	1367	1
2571	86	1430	1
2572	131	320	3
2573	463	846	1
2574	104	847	1
2575	19	1069	1
2576	32	413	2
2578	343	1698	1
2579	106	416	1
2581	44	902	1
2582	12	691	1
2583	96	1674	1
2585	363	379	1
2586	16	294	1
2587	340	590	1
2589	165	121	1
2594	57	1625	4
2595	165	1111	1
2599	22	1579	2
2600	443	298	3
2601	39	46	1
2602	30	1537	1
2604	304	327	1
2605	180	1579	2
2606	48	1397	1
2607	356	1511	4
2609	173	1424	1
2610	384	847	1
2614	70	858	1
2615	411	1177	1
2619	108	620	1
2620	52	1333	1
2621	454	437	1
2622	433	243	1
2623	66	1674	1
2624	186	745	1
2625	79	823	1
2627	462	1361	4
2630	58	1091	1
2632	35	760	1
2634	439	1783	1
2635	172	1219	1
2637	52	1579	2
2638	403	843	1
2639	405	843	1
2640	438	1132	1
2641	435	764	1
2643	132	1749	1
2644	404	501	3
2645	346	1299	1
2649	129	313	1
2650	16	132	1
2651	45	1634	1
2652	423	1060	1
2653	457	1157	4
2654	171	883	1
2655	373	968	1
2656	318	862	1
2661	192	822	1
2663	3	1748	1
2667	65	1415	1
2668	30	524	1
2669	462	1733	1
2673	100	1279	1
2674	344	1510	2
2676	337	1311	1
2677	55	715	1
2678	303	1157	4
2679	175	1733	1
2681	17	221	1
2682	36	1713	1
2683	413	233	1
2686	9	1415	1
2687	128	22	1
2688	179	25	1
2689	32	1424	1
2690	139	1077	1
2691	205	294	1
2692	305	585	1
2693	138	1674	1
2694	320	1574	1
2696	305	1739	1
2697	23	461	1
2698	128	1500	1
2699	338	1665	1
2700	113	248	1
2701	72	1060	1
2702	335	1077	1
2703	79	1074	1
2705	59	61	1
2706	16	846	1
2707	453	126	1
2708	325	824	1
2711	168	1576	1
2712	452	352	1
2715	392	435	1
2716	46	693	1
2718	445	1547	1
2720	112	1347	1
2721	381	1285	1
2725	116	416	1
2726	108	1415	1
2728	443	1537	1
2729	457	1091	1
2730	55	61	1
2733	341	305	1
2734	312	1430	1
2737	308	221	1
2739	136	1716	1
2740	70	1733	1
2741	112	1472	1
2742	22	898	1
2744	366	416	1
2745	422	61	1
2746	56	674	1
2747	151	887	2
2748	100	1552	1
2749	452	452	1
2753	107	1077	1
2754	95	243	1
2755	204	1353	1
2756	310	38	1
2762	72	1353	1
2764	62	1472	1
2766	319	342	1
2770	33	1644	1
2771	124	524	1
2774	203	1610	1
2776	192	112	1
2777	172	1166	4
2778	100	188	1
2780	362	1012	1
2781	452	1579	2
2782	20	1196	1
2783	63	1537	1
2785	83	1674	1
2786	98	1157	4
2791	7	694	1
2792	467	955	1
2793	411	1100	1
2794	438	1547	1
2796	183	1415	1
2799	58	1492	1
2801	8	1478	1
2805	304	347	1
2806	188	1556	1
2808	130	1077	1
2809	452	876	4
2810	135	754	1
2812	189	1733	1
2813	22	744	1
2815	79	461	1
2816	183	873	1
2817	157	602	1
2819	151	17	3
2822	398	602	1
2823	366	1547	1
2824	50	1017	2
2825	372	153	1
2827	128	847	1
2830	58	754	1
2832	41	846	1
2833	155	1367	1
2834	437	1665	1
2836	112	1778	1
2838	424	61	1
2839	54	311	1
2841	206	602	1
2843	43	1367	1
2844	166	329	4
2845	316	1117	1
2848	48	1472	1
2851	457	1279	1
2852	62	1285	1
2853	103	592	1
2854	339	1430	1
2855	358	1020	1
2858	76	1330	1
2859	318	715	1
2863	165	599	4
2865	111	526	1
2866	172	1579	2
2867	424	1107	4
2871	3	667	1
2872	433	1530	1
2873	179	1674	1
2874	475	1461	1
2876	27	694	1
2877	197	1347	1
2878	154	1396	1
2879	447	177	1
2880	112	474	1
2881	181	1012	1
2882	462	744	1
2884	49	943	1
2888	205	1096	1
2893	145	1492	1
2896	323	1547	1
2897	91	413	2
2900	61	1060	1
2901	338	843	1
2902	335	1107	4
2905	379	620	1
2906	385	388	1
2907	23	667	1
2908	138	112	1
2909	106	587	1
2910	304	866	3
2911	389	623	1
2912	122	744	1
2913	443	474	1
2915	55	943	1
2916	398	7	2
2917	48	1285	1
2918	89	352	1
2919	470	641	1
2920	9	1091	1
2922	13	159	4
2923	423	195	1
2924	94	365	4
2925	77	1698	1
2926	317	883	1
2927	38	1360	1
2929	155	1552	1
2931	4	883	1
2932	302	61	1
2933	168	614	4
2936	415	781	1
2939	19	1225	2
2940	81	1490	1
2941	125	262	1
2943	77	943	1
2944	435	195	1
2945	339	1285	1
2947	62	1396	1
2952	14	744	1
2953	440	221	1
2954	129	151	1
2955	439	667	1
2958	408	586	1
2961	25	1274	1
2962	77	56	1
2963	92	413	2
2964	328	447	1
2965	403	1274	1
2966	100	824	1
2967	50	1349	1
2968	33	327	1
2969	358	59	4
2971	145	754	1
2972	404	221	1
2974	61	243	1
2975	106	707	1
2976	109	518	1
2979	69	594	1
2981	113	461	1
2982	390	1556	1
2984	31	1528	2
2985	99	968	1
2986	89	715	1
2988	39	151	1
2990	366	159	3
2991	148	1077	1
2992	158	1213	3
2993	10	388	1
2995	152	416	1
2997	413	666	4
2998	84	1100	1
3000	206	89	3
3001	433	847	1
3003	139	873	1
3005	179	1342	1
3006	457	314	1
3007	97	1049	1
3008	327	1347	1
3009	120	1404	4
3010	78	1060	1
3011	446	1674	1
3012	156	416	1
3013	168	316	1
3015	445	1665	1
3016	406	1418	1
3017	408	1166	4
3018	119	771	2
3019	65	667	1
3020	125	1109	1
3021	439	17	3
3022	44	744	1
3023	331	320	3
3025	169	1495	1
3026	77	1739	1
3028	41	1472	1
3029	359	132	1
3030	302	694	1
3033	33	1749	1
3034	154	590	1
3035	189	524	1
3036	35	1060	1
3037	45	1390	1
3038	332	299	1
3039	35	943	1
3040	189	808	4
3046	153	603	1
3048	25	1017	2
3050	102	413	2
3052	84	121	1
3054	433	943	1
3055	421	1733	1
3059	451	101	1
3060	13	46	1
3061	181	943	1
3062	303	1285	1
3065	195	461	1
3067	418	968	1
3068	349	558	1
3069	75	820	1
3070	9	320	4
3071	43	1579	2
3075	50	667	1
3076	87	582	1
3078	64	640	1
3079	21	278	1
3081	14	1537	1
3082	149	251	3
3086	8	883	1
3087	395	501	3
3088	66	1665	1
3089	100	352	1
3094	139	221	1
3097	149	603	1
3100	3	243	1
3102	76	614	3
3103	172	616	1
3106	379	1415	1
3109	53	609	2
3111	26	725	1
3114	464	1721	1
3116	418	846	1
3117	457	691	1
3119	177	1579	2
3121	35	1404	4
3125	400	109	1
3126	28	862	1
3127	67	754	1
3128	410	461	1
3129	455	89	3
3130	143	1547	1
3132	139	243	1
3135	364	1610	1
3136	427	764	1
3137	357	901	1
3139	90	1311	1
3140	201	337	1
3142	16	1733	1
3143	59	1060	1
3144	334	61	1
3145	105	602	1
3147	54	408	1
3150	195	1020	1
3151	63	327	1
3152	469	1101	1
3153	606	111	3
3154	400	693	1
3155	115	413	2
3156	192	850	1
3159	162	1249	1
3161	343	453	3
3162	176	1703	1
3163	424	416	1
3166	356	558	1
3170	404	643	1
3173	404	883	1
3174	43	1430	1
3175	199	846	1
3176	117	764	1
3183	86	188	1
3184	171	305	1
3185	44	1430	1
3186	357	3	3
3188	455	1491	4
3190	446	40	1
3191	446	1769	1
3192	102	862	1
3193	41	132	1
3194	184	260	1
3195	67	1367	1
3196	24	388	1
3197	387	1767	1
3199	8	1347	1
3200	61	1552	1
3201	164	609	2
3202	453	474	1
3203	384	1077	1
3205	193	33	1
3207	331	1703	1
3209	14	461	1
3212	395	1556	1
3213	122	1229	4
3214	99	757	1
3215	73	151	4
3217	418	345	1
3220	437	883	1
3221	392	254	3
3222	340	883	1
3223	371	611	4
3224	43	651	4
3225	173	413	2
3226	404	1100	1
3228	450	1111	1
3229	119	960	4
3230	121	243	1
3232	145	1481	1
3233	81	195	1
3234	430	883	1
3237	453	344	1
3239	321	1347	1
3240	76	1060	1
3241	398	340	1
3242	84	1395	4
3244	123	859	1
3245	353	25	1
3246	72	1492	1
3247	400	1424	1
3251	389	1017	2
3254	78	1117	1
3255	443	388	1
3257	455	413	2
3258	191	195	1
3259	174	715	1
3260	17	1733	1
3262	46	372	1
3264	32	518	1
3265	48	435	1
3267	422	715	1
3269	315	1552	1
3271	368	233	1
3274	18	388	1
3278	374	1674	1
3279	3	152	3
3280	361	1543	1
3282	421	1397	1
3285	100	461	1
3286	339	859	1
3290	49	1452	1
3292	45	1716	1
3293	6	221	1
3294	26	1077	1
3296	316	1397	1
3297	341	1674	1
3298	20	1430	1
3299	99	955	1
3300	120	1396	1
3301	26	435	1
3302	30	221	1
3303	5	1547	1
3304	57	1339	1
3305	182	1060	1
3306	99	204	1
3308	93	754	1
3309	445	294	1
3310	21	1217	4
3311	305	858	1
3312	441	540	4
3313	454	1225	2
3316	111	667	1
3317	386	694	1
3321	368	17	3
3322	360	823	1
3323	197	787	1
3325	75	153	1
3327	122	1547	1
3328	156	1395	4
3329	357	248	1
3330	338	862	1
3331	144	11	3
3334	424	1616	1
3335	30	847	1
3336	134	248	1
3338	53	151	1
3339	345	1109	1
3340	24	1096	1
3341	179	1390	1
3345	350	1348	1
3346	90	564	1
3347	379	1049	1
3349	394	602	1
3350	368	461	1
3351	441	1556	1
3353	55	1077	1
3354	5	413	2
3356	83	1478	1
3359	321	373	1
3360	160	744	1
3361	4	1349	1
3362	30	352	1
3363	315	1674	1
3365	191	596	4
3366	12	314	1
3369	72	802	1
3370	131	1060	1
3371	439	1091	1
3374	411	1006	1
3375	359	1748	1
3376	74	195	1
3379	170	121	1
3380	44	860	1
3381	162	159	3
3382	373	955	1
3384	407	1716	1
3385	402	693	1
3386	426	1579	2
3387	311	1225	2
3389	172	109	1
3390	329	1068	1
3391	357	3	4
3392	161	822	1
3393	435	693	1
3396	185	541	1
3397	312	625	1
3398	355	1024	3
3400	125	278	1
3401	26	1196	1
3402	56	1017	2
3404	323	1535	4
3406	373	899	1
3408	145	1537	1
3409	310	1713	1
3411	140	887	2
3412	388	221	1
3413	189	725	1
3415	425	603	1
3417	66	262	1
3419	374	1579	2
3420	134	955	1
3421	433	375	3
3422	33	188	1
3423	324	943	1
3427	17	38	4
3428	443	715	1
3429	120	1057	1
3432	188	1192	1
3433	84	1721	1
3434	324	796	4
3439	455	715	1
3440	169	1333	1
3441	158	112	1
3442	314	1552	1
3443	365	254	3
3444	81	1121	1
3445	172	132	1
3449	192	592	1
3450	199	667	1
3452	198	1528	2
3453	472	1077	1
3454	149	195	1
3455	30	13	1
3456	173	188	1
3459	165	1196	1
3460	48	38	1
3461	349	204	1
3462	29	1077	1
3464	469	614	4
3465	407	1017	2
3468	97	1778	1
3469	312	1749	1
3470	35	1074	1
3471	108	352	1
3472	142	156	4
3474	53	694	1
3476	446	694	1
3478	32	1547	1
3481	452	760	1
3482	142	1006	1
3483	148	205	2
3484	206	962	4
3485	142	890	1
3486	28	1077	1
3488	97	715	1
3490	90	195	1
3491	51	1552	1
3492	55	1100	1
3493	320	859	1
3494	197	1579	2
3496	305	1113	1
3499	368	694	1
3500	114	883	1
3501	51	11	3
3502	55	278	1
3503	454	237	4
3505	160	352	1
3506	321	461	1
3507	91	883	1
3508	132	46	1
3512	395	501	4
3513	434	1579	2
3514	394	1397	1
3517	79	840	1
3519	124	1610	1
3520	16	344	1
3521	440	1528	2
3522	16	1472	1
3523	190	388	1
3524	179	1418	1
3526	159	1698	1
3527	32	1530	1
3529	384	760	1
3530	70	614	4
3532	129	1415	1
3533	113	152	3
3536	431	1616	1
3537	126	524	1
3539	313	1478	1
3540	48	592	1
3542	115	943	1
3545	23	1057	1
3546	352	1579	2
3547	7	707	1
3548	74	102	3
3551	200	1733	1
3552	374	873	1
3554	412	1353	1
3555	85	46	1
3557	372	1530	1
3558	191	585	1
3561	49	745	1
3562	143	195	1
3564	368	582	1
3565	343	1733	1
3566	33	1116	1
3567	25	112	1
3568	345	540	3
3569	197	1748	1
3570	204	195	1
3571	354	1547	1
3572	166	1116	1
3573	410	921	1
3574	301	687	1
3575	86	1075	4
3576	387	352	1
3577	116	1396	1
3578	5	1353	1
3579	424	313	1
3582	70	413	2
3584	475	766	1
3585	350	1223	1
3586	197	153	1
3587	173	1162	1
3590	184	422	2
3591	27	461	1
3594	396	1017	2
3596	66	1091	1
3598	99	1331	1
3601	128	1060	1
3604	140	1192	1
3607	172	304	1
3608	171	1674	1
3609	367	375	3
3610	403	40	1
3611	168	1537	1
3612	13	1101	1
3614	359	715	1
3615	192	305	1
3616	472	1006	1
3617	181	112	1
3618	303	320	3
3619	471	1427	1
3621	48	195	1
3625	308	1107	4
3629	183	46	1
3630	442	1424	1
3632	27	555	1
3633	95	1096	1
3634	325	1285	1
3636	309	1055	3
3637	159	1610	1
3638	81	883	1
3639	450	453	3
3641	415	305	1
3642	204	1634	1
3643	356	778	1
3644	62	305	1
3645	404	614	4
3646	131	1547	1
3647	62	1510	2
3649	309	408	1
3650	177	862	1
3651	152	177	1
3652	8	1622	1
3655	160	1537	1
3656	120	822	1
3657	442	939	4
3658	179	693	1
3659	415	1778	1
3663	306	696	4
3664	80	745	1
3668	204	1161	1
3669	122	723	1
3670	121	1349	1
3671	318	1367	1
3673	449	422	2
3674	3	1333	1
3675	36	1367	1
3676	15	1643	4
3677	330	616	1
3678	190	687	1
3680	424	1395	4
3682	110	388	1
3685	315	262	1
3686	416	1176	1
3687	140	1077	1
3688	446	1449	1
3691	62	1333	1
3693	9	122	1
3694	43	1713	1
3695	119	342	1
3696	158	1006	1
3697	164	493	1
3698	462	1196	1
3699	47	745	1
3701	106	38	1
3704	378	744	1
3706	459	1415	1
3707	181	1077	1
3708	136	375	4
3712	97	385	1
3713	401	1590	4
3714	4	1017	2
3715	122	305	1
3717	409	890	1
3719	192	375	3
3720	41	24	1
3721	140	17	3
3722	179	1579	2
3723	86	159	3
3725	189	320	3
3726	373	1367	1
3728	464	1528	2
3730	374	137	1
3731	463	1210	1
3732	449	24	1
3733	347	1674	1
3735	440	1396	1
3736	10	1390	1
3737	189	1077	1
3738	314	437	3
3739	341	585	1
3740	607	518	1
3742	24	754	1
3744	8	687	1
3745	8	455	1
3746	312	1395	4
3747	115	1424	1
3748	65	1077	1
3751	449	1244	2
3752	474	132	1
3753	142	1333	1
3755	28	360	1
3758	386	883	1
3759	40	3	3
3760	7	1733	1
3761	22	501	4
3763	440	132	1
3767	366	599	4
3770	155	764	1
3771	205	744	1
3774	315	152	3
3775	66	151	1
3776	87	1077	1
3777	462	437	3
3778	331	745	1
3780	150	453	3
3781	171	1113	1
3782	433	1733	1
3787	445	1510	2
3788	451	1331	1
3789	410	1367	1
3790	327	823	4
3791	107	17	3
3792	460	106	1
3794	78	564	1
3795	104	738	1
3796	120	1077	1
3797	91	1096	1
3799	139	901	1
3800	368	871	1
3801	163	993	1
3803	346	248	1
3804	420	11	3
3805	380	1055	3
3806	81	709	3
3807	117	474	1
3808	309	1626	1
3811	155	213	1
3813	172	1528	2
3814	357	1077	1
3816	463	461	1
3818	424	901	1
3819	402	643	1
3820	438	61	1
3822	312	1069	1
3824	56	862	1
3826	471	1697	2
3830	302	1703	1
3832	123	741	1
3833	121	1077	1
3835	460	1547	1
3836	99	408	1
3837	470	1397	1
3838	109	1760	1
3840	108	195	1
3841	74	1060	1
3847	446	544	4
3850	303	1049	1
3852	400	1225	2
3854	13	1091	1
3855	433	1117	1
3858	184	327	1
3859	321	883	1
3861	164	590	1
3863	30	1006	1
3864	82	943	1
3865	366	1196	1
3866	379	278	1
3868	134	28	4
3869	325	968	1
3871	340	754	1
3875	36	715	1
3876	30	112	1
3877	200	540	4
3878	158	694	1
3879	183	764	1
3882	320	330	3
3883	20	1100	1
3884	309	693	1
3885	102	602	1
3889	435	1204	1
3890	40	1263	1
3892	396	802	1
3894	181	883	1
3895	327	1144	1
3896	161	1674	1
3897	160	102	3
3899	176	1511	1
3900	111	616	1
3902	151	188	1
3904	414	603	1
3905	159	188	1
3906	378	1674	1
3909	70	522	1
3910	403	1187	4
3911	106	603	1
3912	170	221	1
3913	141	1703	1
3915	11	890	1
3916	314	587	1
3918	445	873	1
3919	380	706	1
3920	139	437	3
3921	386	1177	1
3923	146	883	1
3924	79	1107	4
3925	194	1733	1
3926	460	1353	1
3928	443	587	1
3929	135	1196	1
3934	49	1510	2
3936	28	375	3
3937	84	301	4
3938	309	278	1
3941	171	687	1
3942	18	1070	2
3943	421	898	1
3946	427	56	1
3948	312	1012	1
3951	440	1216	4
3952	409	760	1
3954	442	586	1
3955	398	1672	4
3957	44	1213	3
3958	80	602	1
3959	17	375	3
3960	156	1263	1
3962	420	1511	1
3963	108	943	1
3964	116	1716	1
3965	464	755	1
3966	84	822	1
3967	386	251	3
3968	115	267	1
3969	152	1113	1
3970	119	1756	4
3973	354	1225	2
3974	31	416	1
3975	341	3	3
3978	100	294	1
3981	413	1120	1
3982	58	846	1
3983	464	248	1
3984	379	883	1
3986	58	1223	1
3991	341	901	1
3992	394	693	1
3993	163	1064	4
3994	328	887	2
3995	607	121	1
3996	40	693	1
3997	317	594	1
3998	446	254	3
4001	142	1674	1
4003	316	17	3
4004	50	764	1
4005	176	1748	1
4006	144	1353	1
4007	165	1778	1
4008	474	1126	1
4012	126	461	1
4013	363	943	1
4015	172	416	1
4017	180	1370	3
4020	427	744	1
4021	339	709	4
4022	78	1674	1
4023	125	727	1
4025	116	1397	1
4030	325	1017	2
4031	462	1436	2
4033	438	850	1
4037	55	1367	1
4040	442	493	1
4041	440	694	1
4042	301	1706	1
4043	424	883	1
4044	108	667	1
4047	150	248	1
4048	58	594	1
4051	8	195	1
4054	173	1665	1
4055	194	1579	2
4059	68	1674	1
4060	460	461	1
4065	332	1111	1
4067	57	1264	1
4068	422	640	1
4071	88	1060	1
4072	450	883	1
4073	31	1196	1
4074	390	1779	1
4075	325	1478	1
4076	159	151	1
4077	312	243	1
4079	347	246	1
4081	64	1396	1
4082	201	30	4
4084	319	60	2
4086	164	1109	1
4090	55	1528	2
4093	413	1219	1
4094	422	1574	1
4095	601	29	1
4097	439	1331	1
4098	112	1397	1
4101	409	1213	3
4102	174	1074	1
4103	315	1091	1
4106	10	745	1
4107	340	109	1
4109	338	152	4
4111	139	587	1
4112	363	195	1
4113	164	1430	1
4116	203	842	3
4117	413	1749	4
4119	372	522	1
4120	93	152	3
4123	15	1511	1
4124	74	437	1
4125	471	1610	1
4126	99	525	1
4127	112	1733	1
4128	457	1285	1
4129	4	329	4
4130	463	808	4
4132	98	1091	1
4133	361	1012	1
4134	410	1077	1
4135	19	395	1
4138	131	1752	1
4140	103	847	1
4143	109	132	1
4144	101	1349	1
4145	437	921	1
4146	149	754	1
4147	99	1613	2
4148	121	320	3
4149	354	669	4
4152	198	590	1
4153	403	1622	1
4154	35	11	4
4155	466	725	1
4156	46	500	3
4157	23	709	3
4158	38	461	1
4159	161	1264	1
4160	128	1077	1
4161	423	1077	1
4162	421	883	1
4163	69	602	1
4164	36	1430	1
4165	371	509	1
4166	97	388	1
4167	52	152	3
4168	139	603	1
4170	389	1706	1
4171	329	1478	1
4172	328	1060	1
4174	81	248	1
4178	459	1160	4
4179	415	132	1
4180	424	1225	2
4181	179	278	1
4183	472	7	2
4184	345	1634	1
4186	606	616	1
4187	321	151	1
4188	424	1020	1
4192	13	262	1
4193	41	1333	1
4194	140	641	1
4195	416	1353	1
4197	469	413	2
4200	348	17	3
4201	327	1017	2
4202	345	1225	2
4204	334	372	1
4206	306	188	1
4209	76	715	1
4210	365	1353	1
4211	114	898	1
4212	324	744	1
4213	154	1556	1
4215	14	1279	1
4217	77	1111	1
4219	54	955	1
4220	45	651	4
4221	160	385	1
4222	87	398	4
4223	53	603	1
4227	13	541	1
4228	421	1706	1
4229	40	59	4
4230	56	204	1
4232	328	883	1
4235	409	1070	2
4236	462	61	1
4237	136	1234	4
4239	138	1126	1
4240	461	461	1
4241	41	278	1
4242	199	1077	1
4243	378	644	1
4244	444	61	1
4246	149	1331	1
4247	385	594	1
4248	89	1430	1
4249	427	898	1
4250	473	151	1
4253	408	1333	1
4255	301	1478	1
4256	31	1556	1
4257	180	1285	1
4258	10	1543	1
4259	96	461	1
4260	117	603	1
4261	347	1495	1
4262	3	1510	2
4263	45	578	1
4264	447	221	1
4265	470	1176	1
4266	323	585	1
4269	407	424	1
4271	44	587	1
4273	49	474	1
4274	420	1096	1
4275	61	344	1
4276	19	1708	1
4277	40	1674	1
4278	65	1748	1
4279	460	744	1
4280	14	1733	1
4282	160	862	1
4283	2	445	3
4284	191	1424	1
4285	340	1490	1
4287	413	1333	1
4288	408	859	1
4289	347	1074	1
4292	87	352	1
4293	423	298	3
4294	423	344	1
4296	49	352	1
4298	321	1451	4
4299	370	345	1
4300	441	1060	1
4303	416	1772	1
4304	74	1374	1
4305	203	493	1
4307	380	1285	1
4309	330	574	1
4310	318	151	1
4311	453	960	4
4313	459	1674	1
4315	46	1415	1
4316	407	1077	1
4319	10	1213	3
4321	38	524	1
4322	381	25	1
4323	84	883	1
4324	11	518	1
4326	170	1622	1
4328	185	943	1
4329	606	1537	1
4330	45	1300	1
4331	21	693	1
4333	69	754	1
4335	348	505	1
4337	421	540	4
4338	72	522	1
4341	19	403	1
4342	423	121	1
4343	321	112	1
4345	101	696	4
4346	446	62	1
4349	361	388	1
4351	32	651	3
4353	111	1579	2
4354	329	745	1
4356	139	1547	1
4358	76	505	1
4362	353	413	2
4363	427	413	2
4364	86	883	1
4366	166	754	1
4367	344	1716	1
4368	41	1449	1
4370	386	1528	2
4371	35	1626	1
4373	442	1100	1
4374	453	413	2
4377	342	1424	1
4378	37	873	1
4379	422	1111	1
4380	460	1610	1
4381	7	709	4
4382	308	1367	1
4383	82	437	3
4387	107	1225	2
4388	438	1713	1
4390	192	1511	1
4393	334	46	1
4394	447	1017	2
4396	341	1331	1
4398	77	1077	1
4399	161	352	1
4401	165	1143	4
4403	149	1556	1
4405	158	883	1
4407	414	248	1
4408	185	955	1
4409	119	1665	1
4410	110	873	1
4411	473	1478	1
4412	132	1329	4
4413	166	1424	1
4414	3	1367	1
4415	437	1077	1
4416	108	1138	1
4417	358	586	1
4418	395	121	1
4419	451	385	1
4420	78	1706	1
4426	416	526	1
4427	76	1569	1
4428	12	1415	1
4429	440	1424	1
4430	334	902	1
4431	439	1116	1
4433	325	1531	1
4435	302	1593	1
4437	169	745	1
4443	133	314	1
4446	350	18	4
4447	349	890	1
4449	30	1415	1
4450	80	1674	1
4452	387	901	1
4454	308	1674	1
4455	382	195	1
4456	444	709	3
4457	39	413	2
4458	29	587	1
4459	314	1006	1
4461	424	121	1
4462	173	883	1
4466	114	1490	1
4468	11	757	1
4470	196	1424	1
4472	4	1733	1
4474	301	1574	1
4476	124	1430	1
4478	606	609	2
4480	190	1299	1
4481	82	885	2
4482	88	1445	1
4483	79	62	1
4486	188	744	1
4490	379	943	1
4491	163	879	3
4493	86	672	1
4494	467	1547	1
4496	35	745	1
4497	4	1285	1
4498	46	1779	1
4500	60	1622	1
4501	90	1778	1
4502	123	1537	1
4504	18	320	3
4505	423	305	1
4506	3	112	1
4507	30	1125	1
4509	136	1077	1
4510	14	955	1
4513	12	883	1
4514	30	518	1
4516	380	207	1
4519	180	156	4
4523	395	1225	2
4524	380	1055	4
4525	472	968	1
4526	463	1674	1
4529	455	1219	1
4530	26	847	1
4531	60	1107	4
4532	203	715	1
4535	338	1478	1
4536	302	1232	1
4538	141	102	3
4541	327	204	1
4542	165	112	1
4543	348	221	1
4544	348	943	1
4545	107	1430	1
4546	66	127	1
4548	164	1560	4
4550	452	592	1
4551	104	1706	1
4555	410	1547	1
4558	85	873	1
4559	43	1060	1
4561	322	437	3
4564	165	691	1
4565	325	204	1
4566	305	1430	1
4567	384	603	1
4568	312	461	1
4569	13	1176	1
4570	76	518	1
4573	159	1739	1
4575	13	305	1
4576	201	1593	1
4577	153	587	1
4579	160	413	2
4580	386	416	1
4583	459	62	1
4584	444	902	1
4585	449	885	2
4586	90	603	1
4589	176	1034	4
4590	382	1285	1
4591	433	616	1
4592	177	1347	1
4593	440	1674	1
4594	13	1634	1
4595	56	712	4
4598	68	1547	1
4599	390	373	1
4600	33	1415	1
4601	316	1537	1
4602	401	1415	1
4604	338	1778	1
4605	331	1096	1
4607	473	1077	1
4609	437	1397	1
4610	125	1117	1
4611	121	1674	1
4612	314	1225	2
4616	13	594	1
4617	6	898	1
4618	15	246	1
4619	410	764	1
4620	185	461	1
4623	165	38	1
4624	81	1077	1
4625	159	943	1
4628	179	385	1
4629	8	1415	1
4632	315	24	1
4633	434	883	1
4634	44	1579	2
4635	384	1778	1
4636	138	1616	1
4637	408	1192	1
4638	36	248	1
4640	125	1111	1
4641	440	586	1
4642	355	579	1
4645	103	1716	1
4646	46	864	4
4647	95	1225	2
4648	352	1783	1
4653	65	862	1
4654	84	616	1
4655	470	152	3
4656	319	89	4
4657	360	501	3
4658	372	408	1
4660	318	1579	2
4661	352	461	1
4663	83	1716	1
4668	363	388	1
4669	108	715	1
4670	463	1544	1
4673	394	883	1
4674	197	801	1
4675	332	1733	1
4676	77	278	1
4677	406	61	1
4678	59	1225	2
4680	28	1415	1
4683	39	843	1
4685	360	1674	1
4686	177	375	3
4689	126	1616	1
4691	200	248	1
4692	418	757	1
4693	356	50	1
4694	20	1396	1
4695	184	1511	4
4696	323	1029	1
4697	312	822	1
4700	193	1510	2
4701	449	38	1
4703	35	541	1
4704	164	188	1
4708	90	152	3
4709	27	1374	1
4711	429	1783	1
4712	459	667	1
4714	41	1096	1
4717	322	281	4
4720	69	1650	1
4721	460	1622	1
4722	61	405	4
4723	365	393	1
4725	332	788	1
4726	320	616	1
4727	30	1074	1
4728	366	1367	1
4729	91	1556	1
4730	311	1610	1
4731	607	1223	1
4733	467	1006	1
4734	445	955	1
4736	7	1353	1
4737	5	847	1
4739	312	395	1
4740	58	587	1
4742	18	1161	1
4747	403	1424	1
4748	410	1424	1
4749	165	1674	1
4750	188	1430	1
4751	78	585	1
4752	471	709	4
4755	454	1574	1
4756	29	416	1
4758	140	654	1
4760	130	153	1
4762	15	602	1
4764	442	1616	1
4765	64	1077	1
4766	604	1225	2
4768	408	248	1
4770	190	102	3
4771	112	745	1
4773	327	1060	1
4774	153	461	1
4775	193	1706	1
4778	353	1616	1
4779	6	824	1
4780	367	1049	1
4781	160	1430	1
4782	331	715	1
4783	354	715	1
4786	184	594	1
4787	50	1500	1
4788	422	969	4
4792	390	188	1
4794	173	898	1
4795	469	614	3
4796	176	883	1
4798	344	764	1
4799	439	1210	1
4800	395	313	1
4802	396	587	1
4803	88	737	3
4804	12	1424	1
4805	341	1694	1
4806	447	461	1
4807	77	102	3
4808	398	577	1
4810	95	437	3
4812	83	126	1
4813	429	248	1
4815	98	1531	1
4816	304	866	4
4817	440	1006	1
4818	205	1060	1
4819	461	1537	1
4820	315	1187	4
4822	125	435	1
4824	392	1397	1
4825	70	311	1
4830	329	1285	1
4831	321	1643	4
4832	92	1767	1
4833	203	921	1
4834	53	1192	1
4836	462	754	1
4837	100	1425	1
4839	312	1026	1
4841	12	847	1
4842	301	1547	1
4844	101	1716	1
4845	16	862	1
4847	365	609	2
4848	75	696	4
4849	16	1017	2
4850	100	725	1
4857	92	764	1
4858	304	694	1
4859	132	883	1
4860	435	1187	4
4866	20	582	1
4867	453	725	1
4868	81	1126	1
4872	28	1424	1
4874	363	847	1
4875	355	766	1
4877	139	222	1
4879	106	1113	1
4881	4	25	1
4882	150	1120	1
4883	131	943	1
4884	410	757	1
4885	388	195	1
4886	343	248	1
4889	329	725	1
4890	327	1674	1
4891	45	559	1
4892	75	860	1
4893	426	1176	1
4894	186	744	1
4896	408	640	1
4897	181	1472	1
4898	423	1622	1
4900	50	472	1
4901	426	1264	1
4902	66	352	1
4904	381	1634	1
4905	306	1225	2
4906	183	400	4
4908	438	993	1
4910	429	840	1
4911	81	61	1
4912	34	832	1
4915	46	1634	1
4916	43	862	1
4917	443	585	1
4918	26	676	3
4919	68	654	1
4920	394	667	1
4921	95	1733	1
4923	445	1333	1
4924	144	577	1
4925	311	1674	1
4926	15	1077	1
4927	108	837	1
4929	403	577	1
4932	464	1674	1
4933	61	1634	1
4936	349	1700	1
4937	45	801	1
4940	89	1528	2
4941	406	585	1
4944	445	860	1
4945	22	1686	2
4947	116	709	4
4949	435	578	1
4950	314	1091	1
4952	79	303	1
4953	413	1285	1
4955	312	159	3
4956	78	1225	2
4959	394	461	1
4960	84	501	3
4963	143	526	1
4964	363	1349	1
4968	449	1223	1
4969	32	592	1
4971	27	862	1
4973	398	1478	1
4974	183	1333	1
4975	352	1221	1
4976	474	1223	1
4977	179	898	1
4979	317	887	2
4980	440	822	1
4984	92	1590	4
4985	339	1132	1
4987	422	754	1
4988	110	1423	3
4990	400	1113	1
4991	106	1367	1
4992	337	760	1
4993	103	594	1
4994	123	1517	1
4995	364	707	1
4996	403	304	1
4998	64	202	1
5000	186	1057	1
5001	95	38	1
5002	143	246	1
5004	112	13	1
5005	318	46	1
5006	305	1424	1
5007	453	357	3
5008	28	943	1
5009	55	755	1
5011	83	1415	1
5014	162	943	1
5015	455	89	4
5016	182	311	1
5017	435	1478	1
5019	117	1468	3
5020	339	1225	2
5021	20	177	1
5024	49	1733	1
5026	406	740	3
5027	418	1150	1
5028	114	590	1
5029	96	943	1
5031	73	1077	1
5032	174	1397	1
5033	354	883	1
5034	437	1752	1
5035	12	1665	1
5036	55	1390	1
5037	131	320	4
5039	88	1708	1
5040	384	788	1
5042	102	1674	1
5043	195	1396	1
5044	135	667	1
5045	388	1634	1
5047	452	1748	1
5048	439	883	1
5049	201	1415	1
5050	63	1288	4
5051	131	1126	1
5052	330	555	4
5053	61	594	1
5054	144	553	4
5057	180	1096	1
5058	179	824	1
5059	454	1478	1
5060	165	1285	1
5061	411	1430	1
5063	23	1192	1
5064	384	1590	4
5065	199	883	1
5066	408	744	1
5067	128	754	1
5068	195	1574	1
5071	136	422	2
5073	69	1423	3
5074	360	1395	4
5075	28	1472	1
5077	326	709	3
5078	194	195	1
5079	193	876	3
5081	145	715	1
5082	24	195	1
5084	186	352	1
5085	103	862	1
5086	125	413	2
5087	405	1017	2
5088	69	968	1
5091	69	1674	1
5092	58	1530	1
5093	203	1622	1
5095	473	329	4
5096	149	1396	1
5097	25	195	1
5099	438	1397	1
5101	7	1225	2
5103	6	46	1
5104	457	320	3
5105	411	1020	1
5108	123	1057	1
5109	80	1579	2
5112	321	1674	1
5114	163	801	1
5115	404	585	1
5116	106	408	1
5118	365	862	1
5119	39	1217	4
5120	204	262	1
5121	437	781	1
5122	193	883	1
5126	185	757	1
5127	401	871	1
5129	409	727	1
5131	145	320	3
5132	117	413	2
5133	356	11	3
5134	126	822	1
5136	80	38	1
5137	128	1552	1
5138	403	474	1
5139	119	1447	2
5140	193	1547	1
5141	459	862	1
5142	338	858	1
5144	116	754	1
5146	411	372	1
5149	459	1225	2
5152	453	873	1
5153	320	220	1
5154	169	898	1
5155	308	745	1
5158	14	17	3
5160	317	1077	1
5161	312	543	1
5167	475	413	2
5168	93	874	4
5169	374	968	1
5171	194	1537	1
5173	51	278	1
5175	606	1176	1
5177	40	1429	1
5178	343	461	1
5179	126	1424	1
5180	452	943	1
5182	79	416	1
5184	50	1415	1
5186	428	885	2
5187	179	352	1
5188	417	1749	4
5190	316	38	1
5192	445	862	1
5196	362	890	1
5198	64	594	1
5199	54	1626	1
5200	129	1399	2
5201	389	1390	1
5203	61	745	1
5205	48	1579	2
5207	433	1537	1
5208	443	757	1
5211	136	1205	3
5212	365	524	1
5213	318	58	1
5215	193	843	1
5217	13	1060	1
5219	98	195	1
5221	166	1478	1
5224	349	654	1
5225	5	715	1
5227	206	1347	1
5228	93	202	1
5229	117	1590	4
5230	63	1077	1
5232	111	715	1
5233	323	221	1
5234	86	372	1
5235	70	127	1
5236	365	1739	1
5237	7	687	1
5238	64	1495	1
5243	304	1609	1
5244	131	1006	1
5245	134	1055	3
5246	74	1622	1
5248	355	1674	1
5249	437	943	1
5250	189	518	1
5251	368	955	1
5253	357	881	1
5256	12	1634	1
5257	179	1423	3
5258	41	464	1
5259	605	372	1
5263	86	667	1
5264	306	1478	1
5269	185	898	1
5270	83	248	1
5272	349	267	1
5273	413	1091	1
5274	28	1225	2
5277	81	609	2
5278	464	1610	1
5279	464	408	1
5280	30	1778	1
5281	445	437	3
5282	389	541	1
5284	341	1161	1
5285	99	1636	1
5287	195	883	1
5288	174	206	1
5289	433	122	1
5291	449	518	1
5293	75	526	1
5297	322	505	1
5298	28	1204	1
5299	356	1221	1
5302	323	1333	1
5303	174	416	1
5304	319	121	1
5305	322	413	2
5307	193	461	1
5308	87	1665	1
5310	354	1055	3
5311	196	1510	2
5313	433	1650	1
5315	56	955	1
5316	102	1285	1
5319	53	1547	1
5320	338	968	1
5322	395	62	1
5326	462	1082	1
5327	159	883	1
5329	305	416	1
5330	417	1716	1
5332	316	435	1
5335	358	693	1
5336	442	859	1
5337	25	1733	1
5338	349	585	1
5341	48	373	1
5344	332	1225	2
5345	401	1424	1
5352	381	862	1
5353	132	1091	1
5354	76	388	1
5355	372	204	1
5356	175	955	1
5357	75	753	1
5358	302	1674	1
5359	163	122	1
5360	35	1161	1
5361	381	1418	1
5362	98	1579	2
5363	302	206	1
5364	91	243	1
5365	130	1665	1
5366	163	745	1
5367	86	1306	2
5369	385	110	1
5371	159	393	1
5372	163	766	1
5374	52	1478	1
5375	52	121	1
5376	188	1733	1
5377	27	1060	1
5378	142	1708	1
5380	464	842	3
5382	21	518	1
5383	67	1101	1
5384	464	1077	1
5385	139	823	1
5388	460	797	1
5389	72	862	1
5390	12	822	1
5391	179	195	1
5394	45	862	1
5395	357	1074	1
5397	75	461	1
5399	159	1478	1
5400	180	25	1
5401	108	1423	4
5402	438	883	1
5403	396	602	1
5405	361	1767	1
5406	84	1739	1
5407	22	372	1
5410	370	899	1
5411	82	1430	1
5412	459	1622	1
5413	384	1424	1
5414	404	524	1
5415	408	862	1
5418	453	1716	1
5419	443	1674	1
5420	412	564	1
5422	351	1060	1
5424	110	919	1
5425	28	881	1
5427	90	943	1
5428	62	1166	4
5429	170	1758	4
5430	147	883	1
5431	373	204	1
5434	129	587	1
5436	408	883	1
5437	106	251	3
5438	406	427	1
5440	369	1459	4
5443	29	251	3
5444	44	1331	1
5446	92	11	4
5447	330	643	1
5448	12	437	3
5453	177	397	1
5454	387	592	1
5456	35	299	1
5458	317	725	1
5459	130	1674	1
5460	131	847	1
5462	176	112	1
5466	363	1481	1
5469	346	1556	1
5471	471	632	1
5473	31	62	1
5474	164	501	3
5475	62	1367	1
5476	310	1333	1
5477	117	347	1
5478	64	1017	2
5480	186	105	4
5481	441	1552	1
5485	367	388	1
5486	106	609	2
5487	133	1547	1
5488	175	1556	1
5490	347	195	1
5492	322	1074	1
5493	149	305	1
5496	383	1593	1
5497	193	1543	1
5499	378	518	1
5501	403	760	1
5502	327	524	1
5504	154	692	3
5505	97	592	1
5507	449	1622	1
5509	168	691	1
5510	424	188	1
5512	475	744	4
5513	416	207	1
5515	107	706	1
5516	35	1225	2
5517	9	1347	1
5518	101	195	1
5519	120	609	2
5522	168	955	1
5524	28	1333	1
5525	136	654	1
5526	48	862	1
5527	107	603	1
5530	181	46	1
5532	55	151	1
5535	177	1716	1
5537	446	1077	1
5540	455	177	1
5541	27	393	1
5542	53	251	3
5543	113	1225	2
5544	75	715	1
5545	13	159	3
5549	154	1192	1
5552	182	846	1
5555	470	112	1
5556	50	424	1
5560	607	1461	1
5562	53	1353	1
5563	352	1703	1
5565	474	159	4
5566	424	1429	1
5567	361	304	1
5568	121	1052	1
5570	340	1556	1
5571	442	177	1
5573	114	755	1
5574	387	1748	1
5576	58	883	1
5577	132	694	1
5578	80	461	1
5579	85	1706	1
5580	66	1424	1
5582	433	1472	1
5583	86	859	1
5584	175	1554	3
5585	350	1370	3
5586	364	1116	1
5587	367	943	1
5591	447	17	3
5592	166	715	1
5593	453	207	1
5594	28	1537	1
5597	113	788	1
5598	332	411	4
5600	155	1579	2
5601	51	968	1
5604	442	693	1
5605	82	195	1
5606	470	518	1
5607	325	352	1
5609	60	1020	1
5610	171	524	1
5611	195	574	1
5614	122	890	1
5615	179	975	4
5616	325	883	1
5617	158	221	1
5620	115	1274	1
5622	443	1091	1
5623	461	474	1
5625	107	1556	1
5628	451	753	1
5630	391	1733	1
5635	50	1716	1
5638	459	1739	1
5642	59	1424	1
5643	437	1644	1
5644	302	1465	1
5645	409	33	1
5648	50	846	1
5649	72	684	4
5650	447	1077	1
5651	128	541	1
5652	36	609	2
5653	453	593	3
5654	108	968	1
5659	329	1017	2
5660	463	625	1
5662	25	1415	1
5664	388	883	1
5666	17	278	1
5667	129	1020	1
5668	454	360	1
5669	414	1749	1
5671	466	745	1
5672	131	1665	1
5673	45	1748	1
5674	387	1710	4
5675	340	1395	4
5677	119	207	1
5678	94	955	1
5680	382	744	1
5681	61	1530	1
5682	172	62	1
5683	601	159	3
5684	103	1166	4
5685	106	461	1
5687	109	375	3
5689	155	1721	1
5690	404	755	1
5693	140	1449	1
5694	423	1091	1
5695	467	866	3
5696	135	866	4
5699	177	375	4
5704	398	1049	1
5705	30	1274	1
5706	472	121	1
5707	69	1261	1
5708	94	435	1
5709	461	1579	2
5710	204	1713	1
5712	182	25	1
5713	407	1674	1
5714	328	61	1
5715	421	1543	1
5716	27	248	1
5717	389	320	3
5718	328	188	1
5719	110	1664	1
5720	64	1418	1
5721	323	887	2
5722	457	151	1
5725	114	416	1
5727	368	1077	1
5729	435	745	1
5730	204	413	2
5735	386	1107	4
5737	181	153	1
5738	408	61	1
5739	310	715	1
5742	95	744	1
5743	322	654	1
5744	21	413	2
5746	196	1415	1
5748	416	1537	1
5753	75	1554	3
5755	451	1060	1
5756	108	311	1
5758	59	299	1
5760	405	243	1
5761	36	61	1
5762	182	195	1
5763	464	842	4
5768	174	1537	1
5770	6	602	1
5771	404	862	1
5772	449	1537	1
5773	106	61	1
5774	121	195	1
5775	40	384	1
5776	329	518	1
5777	348	435	1
5780	203	1396	1
5782	165	744	1
5783	112	1537	1
5784	163	943	1
5785	418	17	4
5787	410	1125	1
5788	427	25	1
5790	5	131	4
5793	367	413	2
5795	606	1430	1
5796	138	1077	1
5797	400	890	1
5799	168	1510	2
5801	384	587	1
5802	56	314	1
5805	68	1077	1
5809	157	195	1
5811	12	594	1
5812	149	850	1
5813	4	1634	1
5815	469	1424	1
5816	453	862	1
5818	197	1716	1
5819	471	337	1
5823	418	481	1
5824	447	1397	1
5826	100	1333	1
5827	69	603	1
5830	337	696	4
5835	70	694	1
5836	8	1748	1
5837	101	802	1
5838	351	1017	2
5839	79	248	1
5840	32	204	1
5843	363	873	1
5845	191	823	1
5846	135	1430	1
5847	60	1694	1
5848	406	1674	1
5850	104	22	1
5851	163	299	1
5852	45	1767	1
5854	157	1333	1
5855	190	205	2
5856	335	221	1
5857	20	248	1
5861	53	1020	1
5862	66	1342	1
5863	413	1626	1
5865	51	352	1
5866	154	1752	1
5867	372	40	1
5869	443	1187	4
5870	65	195	1
5871	179	204	1
5872	439	887	2
5873	192	1225	2
5875	98	1012	1
5876	342	195	1
5878	203	1490	1
5879	332	1749	1
5880	111	1113	1
5882	415	1674	1
5883	389	352	1
5885	325	461	1
5887	145	1096	1
5890	159	585	1
5891	165	1537	1
5893	184	851	4
5894	135	1399	2
5895	318	1331	1
5897	363	883	1
5898	16	1748	1
5899	434	1634	1
5900	470	1528	2
5902	466	1643	4
5906	24	1109	1
5908	162	1778	1
5910	164	461	1
5912	451	311	1
5914	410	541	1
5917	324	602	1
5918	124	493	1
5919	325	1271	1
5922	362	518	1
5924	22	132	1
5925	66	518	1
5929	103	1055	3
5932	18	195	1
5933	452	29	3
5935	146	1465	1
5937	149	1430	1
5939	321	1752	1
5940	312	630	1
5941	51	1012	1
5942	146	1331	1
5945	379	112	1
5946	162	1564	4
5948	81	864	4
5949	363	1606	1
5950	409	1452	1
5951	75	1510	2
5952	325	1074	1
5953	436	1556	1
5955	147	1415	1
5957	32	594	1
5958	334	1192	1
5960	148	102	4
5961	318	1622	1
5962	401	694	1
5963	157	1543	1
5965	159	1082	1
5966	398	345	1
5968	59	1353	1
5969	379	564	1
5970	144	1091	1
5974	47	204	1
5975	29	464	1
5976	17	1006	1
5977	351	1733	1
5978	36	1219	1
5984	431	1331	1
5987	327	676	3
5988	60	1436	2
5990	151	687	1
5991	180	1342	1
5994	403	1767	1
5995	161	1579	2
5996	474	304	1
5998	180	771	2
6000	400	62	1
6004	442	823	1
6005	460	1223	1
6006	2	327	1
6007	171	1057	1
6009	14	745	1
6010	139	1418	1
6012	380	727	1
6013	315	847	1
6014	114	227	1
6015	358	883	1
6017	360	1556	1
6018	162	1636	1
6019	147	327	1
6021	73	883	1
6022	170	61	1
6023	459	737	3
6024	372	1117	1
6025	16	715	1
6026	196	941	4
6027	130	898	1
6029	87	1333	1
6030	25	788	1
6031	49	152	3
6032	194	112	1
6034	358	644	1
6035	329	1077	1
6036	141	919	1
6037	6	754	1
6038	151	1634	1
6039	302	493	1
6040	14	1333	1
6042	166	788	1
6044	152	61	1
6045	98	585	1
6046	454	1616	1
6047	171	408	1
6048	475	744	1
6049	135	33	1
6050	410	1575	1
6051	144	1017	2
6052	467	7	2
6053	460	603	1
6055	12	955	1
6057	80	1733	1
6058	29	372	1
6059	203	1397	1
6061	32	651	4
6065	28	24	1
6066	370	754	1
6067	65	883	1
6071	26	121	1
6075	129	822	1
6076	347	1386	1
6078	181	1060	1
6079	154	862	1
6080	15	243	1
6081	401	993	1
6082	153	1616	1
6083	171	1574	1
6084	155	620	1
6088	442	132	1
6091	119	794	3
6092	332	1399	2
6095	453	136	3
6098	138	46	1
6100	199	754	1
6101	437	1733	1
6103	445	594	1
6104	605	1020	1
6106	395	715	1
6108	97	764	1
6109	184	1006	1
6111	184	304	1
6112	145	1138	1
6113	360	1424	1
6114	329	862	1
6115	5	320	3
6116	119	1613	2
6117	128	1698	1
6120	383	304	1
6121	322	943	1
6123	191	1395	4
6124	471	313	1
6125	87	1552	1
6126	46	822	1
6127	176	581	3
6128	338	1537	1
6130	404	1674	1
6132	387	1674	1
6133	439	1622	1
6134	96	437	3
6135	108	955	1
6136	157	22	1
6137	143	594	1
6138	434	7	2
6141	350	873	1
6143	188	1590	4
6146	318	943	1
6147	355	564	1
6149	160	1347	1
6150	204	1644	1
6151	374	340	1
6152	429	991	1
6154	354	1415	1
6156	70	202	1
6157	408	1415	1
6158	401	1204	1
6160	319	373	1
6161	142	1478	1
6162	345	305	1
6163	44	1107	4
6164	91	796	4
6165	311	1560	4
6166	331	667	1
6167	165	862	1
6168	115	745	1
6169	199	243	1
6170	466	1353	1
6171	120	493	1
6172	385	968	1
6174	94	1347	1
6175	328	1097	1
6176	325	712	4
6177	133	1424	1
6180	364	1091	1
6182	111	823	1
6184	310	694	1
6185	180	505	1
6186	186	122	1
6187	63	1716	1
6188	381	1626	1
6190	383	1396	1
6191	434	1552	1
6195	170	741	1
6200	95	248	1
6201	398	796	4
6202	35	1176	1
6203	150	585	1
6204	72	352	1
6208	443	1120	1
6209	132	350	1
6211	193	195	1
6212	91	1674	1
6216	27	1622	1
6217	410	1285	1
6218	342	1634	1
6222	14	693	1
6223	141	693	1
6225	75	862	1
6226	46	1430	1
6227	148	132	1
6228	201	1733	1
6229	26	801	1
6231	350	745	1
6233	396	823	3
6234	50	541	1
6235	431	592	1
6236	141	1017	2
6237	354	1749	1
6238	165	1740	1
6239	140	991	1
6240	204	1162	1
6241	345	1556	1
6244	143	1749	1
6246	110	524	1
6248	417	1537	1
6250	196	11	3
6252	350	1120	1
6254	420	564	1
6256	97	461	1
6258	380	764	1
6259	381	1012	1
6260	72	388	1
6261	113	943	1
6262	91	1121	1
6263	152	939	4
6264	365	1644	1
6265	47	221	1
6266	160	1091	1
6267	195	1430	1
6270	403	1478	1
6271	387	1474	1
6272	30	522	1
6273	11	1579	2
6274	13	304	1
6275	309	413	2
6276	144	1716	1
6277	334	1429	1
6278	84	109	1
6279	38	1537	1
6281	466	1424	1
6282	49	968	1
6284	440	1347	1
6287	389	594	1
6288	55	1547	1
6291	126	1547	1
6292	329	13	1
6293	62	188	1
6294	606	151	1
6295	315	592	1
6297	347	541	1
6300	310	278	1
6302	454	362	4
6303	170	1665	1
6305	323	1783	1
6306	146	1665	1
6308	125	715	1
6309	422	687	1
6310	5	311	1
6311	316	808	4
6312	354	1049	1
6313	473	883	1
6314	26	1748	1
6315	43	461	1
6317	408	1176	1
6319	142	403	1
6322	15	1579	2
6323	5	1219	1
6325	345	1574	1
6326	78	1650	1
6327	134	592	1
6329	206	461	1
6331	74	1116	1
6333	436	1225	2
6334	78	1530	1
6335	398	846	1
6336	306	1658	1
6337	466	1472	1
6338	362	602	1
6339	89	1733	1
6340	453	123	2
6343	302	426	1
6346	322	587	1
6348	303	745	1
6349	6	1077	1
6351	439	345	1
6353	413	821	1
6354	93	422	2
6356	437	435	1
6357	457	847	1
6358	20	1694	1
6359	374	1415	1
6361	313	122	1
6362	304	1390	1
6365	45	126	1
6366	35	1644	1
6367	370	375	3
6368	21	526	1
6369	76	594	1
6370	452	388	1
6371	85	195	1
6373	78	883	1
6374	199	966	4
6375	453	422	2
6376	126	1430	1
6377	162	753	1
6378	85	248	1
6379	17	873	1
6384	30	712	4
6385	338	1353	1
6388	75	1733	1
6391	339	883	1
6392	343	630	1
6394	36	372	1
6397	384	862	1
6398	453	1187	4
6399	107	1107	4
6400	135	461	1
6402	408	1225	2
6403	358	1122	3
6405	313	676	3
6406	90	1552	1
6408	17	112	1
6409	460	694	1
6411	190	112	1
6414	338	524	1
6415	20	1528	2
6417	435	623	1
6420	439	304	1
6422	83	823	3
6423	80	195	1
6425	112	121	1
6427	86	1449	1
6430	180	846	1
6431	163	248	1
6432	363	505	1
6433	21	715	1
6434	315	587	1
6436	313	823	1
6440	424	1430	1
6441	99	193	4
6442	189	1360	1
6445	109	760	1
6446	151	594	1
6447	418	1472	1
6448	445	1077	1
6449	199	787	1
6450	395	1694	1
6452	467	474	1
6453	72	204	1
6454	427	305	1
6455	314	1636	1
6458	305	864	4
6459	64	1748	1
6460	158	760	1
6462	445	745	1
6464	15	1537	1
6466	162	1510	2
6467	389	540	4
6470	169	112	1
6472	197	461	1
6474	4	152	3
6478	62	1353	1
6481	12	248	1
6482	380	1049	1
6483	161	278	1
6484	367	375	4
6488	364	1060	1
6489	325	125	1
6490	41	1634	1
6491	16	121	1
6492	41	1530	1
6493	61	1748	1
6494	80	121	1
6496	172	1779	1
6497	38	1579	2
6502	451	946	3
6504	170	901	1
6505	177	1665	1
6507	395	1674	1
6508	132	159	3
6509	345	1060	1
6510	356	1121	1
6511	11	1219	1
6514	76	195	1
6515	123	327	1
6517	157	1547	1
6518	414	1107	4
6519	345	540	4
6521	53	1082	1
6522	106	1674	1
6523	429	1060	1
6525	140	1060	1
6528	175	862	1
6529	203	1528	2
6530	177	1556	1
6531	199	694	1
6532	72	676	3
6534	311	1424	1
6537	32	1778	1
6538	157	1096	1
6539	450	1530	1
6541	378	221	1
6544	163	862	1
6548	398	607	1
6552	138	883	1
6553	359	299	1
6555	340	1113	1
6556	176	1060	1
6557	606	1111	1
6558	399	1508	3
6560	61	1674	1
6561	142	1091	1
6562	76	883	1
6565	471	257	1
6566	461	38	1
6569	364	524	1
6571	77	754	1
6572	14	1017	2
6575	97	968	1
6576	76	955	1
6577	99	28	4
6579	39	1117	1
6580	157	744	1
6581	331	1748	1
6582	463	1057	1
6584	449	413	2
6585	22	248	1
6586	205	461	1
6588	466	654	1
6590	453	125	1
6593	359	1528	2
6594	342	17	4
6595	22	121	1
6597	43	1353	1
6601	451	594	1
6602	363	676	3
6603	117	1300	1
6604	41	352	1
6605	37	424	1
6607	135	822	1
6608	115	1636	1
6611	184	518	1
6612	412	152	3
6614	349	984	1
6615	116	109	1
6616	22	1057	1
6618	348	764	1
6619	117	1285	1
6621	198	243	1
6622	607	873	1
6623	378	1415	1
6624	99	1703	1
6625	172	755	1
6627	398	1370	3
6628	314	38	1
6629	141	1300	1
6632	7	1783	1
6633	429	1490	1
6634	434	767	4
6635	41	411	4
6636	103	968	1
6637	135	885	2
6638	30	1767	1
6640	436	1113	1
6641	462	1610	1
6642	2	1034	4
6644	171	672	1
6645	182	1493	1
6646	401	1060	1
6648	115	744	1
6649	138	1733	1
6656	143	1415	1
6659	57	413	2
6660	21	352	1
6664	83	820	1
6665	439	132	1
6666	30	1100	1
6667	423	999	1
6670	62	1415	1
6671	25	862	1
6674	412	1418	1
6675	184	1218	3
6677	44	25	1
6679	165	1331	1
6680	129	303	1
6681	37	898	1
6683	408	1674	1
6684	93	1674	1
6687	139	1425	1
6690	387	744	1
6691	327	684	4
6692	85	1187	4
6693	308	1528	2
6694	151	1733	1
6695	455	311	1
6697	473	788	1
6698	205	651	3
6699	201	1616	1
6700	175	1674	1
6701	90	1510	2
6702	10	435	1
6703	372	524	1
6704	47	1107	4
6706	16	1107	4
6707	108	25	1
6708	470	694	1
6709	168	694	1
6710	110	578	1
6711	350	744	1
6712	149	1060	1
6715	451	243	1
6716	194	1698	1
6717	179	883	1
6718	604	715	1
6719	65	464	1
6720	401	943	1
6723	28	518	1
6725	45	1176	1
6726	156	501	3
6727	147	540	4
6729	194	850	1
6730	434	1492	1
6732	26	38	1
6733	156	1502	1
6734	163	1665	1
6735	164	1077	1
6736	149	1117	1
6737	143	132	1
6738	9	585	1
6739	370	195	1
6740	203	822	1
6742	30	1531	1
6744	52	1415	1
6748	469	425	1
6749	186	654	1
6751	305	61	1
6757	464	416	1
6758	463	540	3
6760	348	248	1
6761	188	437	3
6762	109	1225	2
6763	164	846	1
6764	170	1225	2
6765	193	1716	1
6768	401	883	1
6769	366	1077	1
6772	442	524	1
6773	304	1786	1
6774	413	1424	1
6775	103	1255	1
6776	390	1631	1
6778	94	1544	1
6779	69	1716	1
6780	46	1733	1
6781	404	590	1
6782	423	461	1
6783	395	862	1
6784	347	1017	2
6785	366	1060	1
6787	204	943	1
6791	185	243	1
6793	61	1187	4
6798	605	1596	3
6799	341	1176	1
6800	407	744	1
6803	384	1418	1
6804	37	1423	3
6805	57	1261	1
6808	400	1610	1
6809	48	1347	1
6810	83	121	1
6811	98	320	3
6813	17	602	1
6814	36	754	1
6817	389	221	1
6818	198	632	1
6819	386	1622	1
6820	176	1221	1
6821	38	667	1
6823	402	555	4
6824	25	17	3
6825	140	1210	1
6826	450	461	1
6827	205	1077	1
6828	439	1674	1
6829	364	709	3
6830	379	1778	1
6831	318	1461	1
6832	29	1547	1
6833	157	1060	1
6834	105	320	3
6835	348	525	1
6838	454	237	3
6841	329	1213	4
6842	72	1674	1
6843	93	1300	1
6844	114	1395	4
6845	66	550	1
6846	48	808	4
6847	467	122	1
6849	97	17	3
6850	410	603	1
6851	110	975	4
6852	413	1752	1
6853	404	715	1
6854	120	1395	4
6855	164	1415	1
6856	44	464	1
6857	53	1430	1
6861	33	587	1
6862	154	1020	1
6863	87	278	1
6864	455	1749	1
6866	131	1778	1
6867	55	741	1
6869	26	1415	1
6870	175	1017	2
6872	339	1622	1
6873	142	524	1
6875	97	1472	1
6878	132	1696	1
6879	126	248	1
6880	329	760	1
6881	11	204	1
6882	73	1665	1
6883	186	667	1
6884	355	1703	1
6886	174	1674	1
6887	8	305	1
6888	170	715	1
6891	414	840	1
6897	122	1424	1
6899	68	408	1
6901	155	388	1
6903	150	177	1
6904	168	883	1
6905	103	577	1
6908	370	1012	1
6909	403	1279	1
6910	58	705	4
6912	339	707	1
6913	152	1225	2
6914	205	1219	1
6915	73	311	1
6916	199	887	2
6917	338	1333	1
6919	329	195	1
6920	321	1478	1
6922	35	1575	1
6924	323	493	1
6925	425	281	4
6926	37	696	4
6927	455	1674	1
6928	330	1481	1
6931	45	294	1
6932	73	1116	1
6933	52	1187	4
6934	160	1219	1
6935	34	1020	1
6936	146	1415	1
6937	39	745	1
6938	422	1116	1
6939	121	1404	4
6941	455	901	1
6942	81	1060	1
6943	474	159	3
6944	68	1219	1
6945	56	524	1
6946	38	1547	1
6949	470	233	1
6950	58	1279	1
6951	28	592	1
6952	434	715	1
6953	437	1478	1
6955	45	1666	1
6956	438	206	1
6957	142	464	1
6959	346	461	1
6960	173	1537	1
6962	46	424	1
6963	196	1264	1
6965	337	25	1
6966	169	122	1
6967	25	1107	4
6968	99	1091	1
6969	341	1223	1
6970	27	829	4
6971	82	122	1
6972	20	1397	1
6973	151	403	1
6975	420	509	1
6977	474	1306	2
6978	43	278	1
6979	436	1107	4
6981	72	744	1
6983	360	1020	1
6984	189	1425	1
6985	426	314	1
6986	149	1569	1
6987	133	188	1
6988	13	585	1
6989	323	1674	1
6990	312	883	1
6993	120	206	1
6995	12	461	1
6997	191	587	1
6998	158	1590	4
6999	431	17	3
7000	136	1077	1
7003	384	1748	1
7006	204	984	1
7009	134	1331	1
7010	456	602	1
7015	390	1100	1
7017	430	602	1
7018	150	46	1
7019	194	151	1
7022	72	1285	1
7024	23	416	1
7025	131	1590	4
7026	163	1101	1
7027	183	388	1
7029	318	1716	1
7030	39	188	1
7031	19	159	3
7032	420	1579	2
7034	400	106	1
7035	6	883	1
7036	166	195	1
7038	358	1399	2
7039	92	1367	1
7041	301	188	1
7042	311	567	4
7044	26	602	1
7045	141	278	1
7047	115	248	1
7048	90	1478	1
7049	384	1017	2
7050	31	221	1
7052	87	1622	1
7054	183	1510	2
7055	386	784	1
7056	412	1461	1
7057	194	518	1
7058	339	416	1
7059	59	59	4
7061	409	156	4
7063	395	1465	1
7064	14	968	1
7065	444	885	2
7066	357	1225	2
7067	163	1778	1
7068	12	1674	1
7069	472	89	3
7070	201	345	1
7073	179	602	1
7074	115	305	1
7076	90	674	1
7077	199	901	1
7080	413	327	1
7081	22	62	1
7082	165	1472	1
7083	353	375	3
7084	33	221	1
7091	99	766	1
7093	29	1552	1
7094	438	1077	1
7095	470	221	1
7096	72	1415	1
7098	16	352	1
7099	398	1622	1
7100	24	11	3
7101	348	873	1
7102	353	943	1
7104	469	919	1
7107	32	243	1
7114	390	1430	1
7115	124	741	1
7116	359	62	1
7118	380	1012	1
7119	25	1495	1
7120	72	524	1
7121	423	1225	2
7123	21	1713	1
7124	132	667	1
7125	108	413	2
7126	34	1569	1
7129	378	327	1
7130	445	1077	1
7131	423	1706	1
7134	7	749	1
7135	404	1622	1
7136	315	1225	2
7140	129	709	3
7143	166	1733	1
7145	433	1510	2
7150	139	883	1
7151	337	1096	1
7152	166	121	1
7154	143	644	1
7156	416	1223	1
7157	398	352	1
7161	160	822	1
7162	454	559	1
7164	466	453	3
7165	151	1374	1
7166	87	1537	1
7172	414	1694	1
7173	205	706	1
7175	339	1615	4
7178	128	365	4
7179	79	1231	1
7180	12	592	1
7181	60	1424	1
7182	43	1219	1
7183	113	564	1
7186	180	1424	1
7187	410	1349	1
7188	450	602	1
7189	108	1091	1
7190	409	984	1
7191	33	1510	2
7196	400	1100	1
7198	370	1492	1
7199	34	500	3
7200	404	1530	1
7202	193	540	4
7203	415	1077	1
7204	152	195	1
7210	410	676	3
7211	54	862	1
7213	426	1674	1
7216	104	1537	1
7218	36	1060	1
7220	353	1111	1
7221	51	1339	1
7222	120	1415	1
7224	439	1706	1
7226	99	267	1
7228	401	1116	1
7231	159	1285	1
7232	146	1367	1
7233	198	1552	1
7234	12	1205	4
7236	59	883	1
7237	116	1261	1
7238	121	620	1
7239	114	1430	1
7240	146	1556	1
7241	73	1472	1
7242	473	1017	2
7243	461	943	1
7246	96	243	1
7247	119	550	1
7248	3	898	1
7250	131	518	1
7254	441	1674	1
7256	66	1390	1
7257	406	1232	4
7258	440	501	3
7260	12	220	1
7261	305	1020	1
7262	390	1616	1
7263	204	745	1
7266	105	505	1
7268	17	1674	1
7270	169	955	1
7271	25	715	1
7272	149	221	1
7273	329	1449	1
7276	40	447	1
7277	159	1510	2
7278	117	898	1
7279	165	693	1
7281	73	788	1
7283	20	1367	1
7284	96	1547	1
7286	73	413	2
7288	466	524	1
7291	387	943	1
7293	144	1136	4
7294	366	1579	2
7296	174	1556	1
7297	441	1225	2
7298	339	303	1
7305	108	1423	3
7306	317	796	4
7308	37	435	1
7309	82	1674	1
7313	466	493	1
7314	421	540	3
7315	195	1107	4
7317	203	1748	1
7319	146	1733	1
7321	109	195	1
7322	449	1367	1
7323	162	46	1
7324	406	883	1
7325	415	715	1
7328	29	1748	1
7330	411	755	1
7331	108	424	1
7332	53	1109	1
7333	68	278	1
7334	456	1733	1
7335	115	352	1
7338	170	195	1
7340	329	221	1
7341	344	599	4
7342	206	1778	1
7344	301	609	2
7345	162	278	1
7346	171	859	1
7349	414	858	1
7350	91	943	1
7351	29	1674	1
7353	446	493	1
7354	310	1579	2
7355	363	745	1
7358	54	603	1
7359	362	1694	1
7361	401	541	1
7362	185	760	1
7363	466	248	1
7364	111	3	3
7365	100	526	1
7366	205	1353	1
7367	460	493	1
7368	327	862	1
7372	195	1674	1
7373	12	1162	1
7374	344	603	1
7375	141	102	4
7376	369	628	1
7377	113	860	1
7378	445	1415	1
7381	149	17	4
7384	403	847	1
7386	192	1424	1
7390	201	1225	2
7391	387	1272	1
7392	396	280	4
7393	387	1068	1
7396	114	1225	2
7397	410	204	1
7398	459	1263	1
7399	404	1223	1
7400	5	725	1
7403	50	112	1
7407	27	1415	1
7408	204	151	1
7409	171	847	1
7410	314	7	2
7412	451	578	1
7414	79	1374	1
7415	92	1176	1
7420	143	943	1
7421	346	1622	1
7422	426	1221	1
7424	450	1650	1
7426	98	1552	1
7427	171	1547	1
7428	68	587	1
7429	184	592	1
7432	90	46	1
7434	430	435	1
7435	442	501	3
7436	54	1778	1
7437	65	1510	2
7439	340	1060	1
7440	131	1698	1
7442	385	767	4
7445	348	1367	1
7446	41	375	3
7447	445	1166	4
7448	346	205	2
7449	317	29	4
7450	442	715	1
7451	438	243	1
7452	459	585	1
7454	427	121	1
7455	165	1223	1
7456	95	1665	1
7459	402	461	1
7461	94	102	3
7463	159	955	1
7464	365	544	4
7465	398	252	4
7470	434	898	1
7471	52	744	1
7472	417	654	1
7473	110	518	1
7474	424	1279	1
7476	304	104	1
7478	368	1205	4
7480	8	102	3
7482	47	1706	1
7483	95	766	1
7484	5	524	1
7485	9	1096	1
7486	68	437	3
7487	321	248	1
7488	459	1704	1
7489	390	1622	1
7490	444	632	1
7491	410	676	4
7492	400	501	3
7494	138	1544	1
7495	121	1070	2
7497	16	651	3
7498	131	1225	2
7499	439	352	1
7500	161	943	1
7501	430	1783	1
7502	345	585	1
7507	83	195	1
7508	45	248	1
7509	431	17	4
7510	151	1674	1
7514	100	1547	1
7516	435	7	2
7518	418	1424	1
7519	313	1187	4
7522	65	159	4
7523	52	1300	1
7526	314	1703	1
7527	192	221	1
7528	145	1367	1
7529	378	102	4
7531	459	1100	1
7532	424	1074	1
7533	420	243	1
7534	102	524	1
7535	391	474	1
7537	165	352	1
7538	139	602	1
7539	30	862	1
7540	122	1537	1
7541	8	901	1
7542	184	385	1
7544	28	1096	1
7545	324	1492	1
7546	53	993	1
7548	40	1537	1
7549	145	1674	1
7551	159	1674	1
7552	86	912	1
7553	138	1424	1
7556	98	1138	1
7557	122	1367	1
7558	174	590	1
7560	54	1077	1
7561	131	1100	1
7562	360	1430	1
7564	451	204	1
7565	175	1478	1
7567	383	1232	1
7568	149	122	1
7570	141	1778	1
7572	21	127	1
7573	342	86	1
7574	374	311	1
7576	2	693	1
7577	475	602	1
7578	349	1342	1
7579	403	101	1
7580	114	109	1
7583	415	1091	1
7584	78	968	1
7586	388	1223	1
7587	606	518	4
7588	420	943	1
7590	59	667	1
7592	200	1225	2
7593	171	372	1
7594	16	1353	1
7595	91	984	1
7596	142	1735	4
7598	450	1347	1
7600	379	603	1
7603	403	171	1
7604	605	327	1
7605	152	1674	1
7606	24	693	1
7607	126	823	1
7608	384	1537	1
7609	184	1492	1
7610	7	715	1
7611	324	248	1
7612	441	590	1
7613	58	298	4
7615	130	644	1
7616	359	251	3
7617	366	464	1
7619	422	1537	1
7620	109	788	1
7622	155	524	1
7623	369	709	3
7624	15	202	1
7626	58	968	1
7627	16	744	1
7630	34	1779	1
7631	56	311	1
7632	363	121	1
7634	145	585	1
7636	60	437	3
7638	171	38	1
7640	345	1733	1
7641	58	1552	1
7642	371	520	4
7643	105	883	1
7644	401	188	1
7645	37	1579	2
7647	114	501	3
7649	154	883	1
7652	431	1272	1
7653	429	1698	1
7656	406	1225	2
7658	424	109	1
7659	120	709	3
7660	92	1674	1
7661	206	121	1
7662	356	474	1
7664	401	862	1
7665	413	46	1
7666	318	667	1
7667	415	883	1
7670	30	1017	2
7679	177	195	1
7680	427	564	1
7681	420	1697	2
7682	364	1192	1
7685	422	1622	1
7687	73	862	1
7689	30	320	3
7690	130	126	1
7691	144	352	1
7692	9	715	1
7696	339	1012	1
7697	410	1748	1
7698	445	132	1
7699	151	352	1
7701	188	603	1
7704	416	1017	2
7705	131	403	1
7706	453	1423	3
7707	146	1024	1
7709	189	305	1
7711	5	305	1
7712	352	1733	1
7713	126	206	1
7714	439	1111	1
7716	36	822	1
7717	338	1579	2
7719	403	298	3
7723	365	585	1
7727	110	1547	1
7728	451	1264	1
7729	604	1418	1
7730	157	320	3
7733	433	1698	1
7735	50	999	1
7736	347	461	1
7737	49	1091	1
7738	195	33	1
7739	197	1643	4
7741	449	823	1
7742	132	1012	1
7743	403	518	1
7744	357	112	1
7745	420	602	1
7746	40	1107	4
7747	76	248	1
7748	59	188	1
7749	402	248	1
7750	308	755	1
7751	99	505	1
7753	143	1111	1
7754	164	109	1
7755	66	1468	3
7759	438	509	1
7761	203	1424	1
7763	70	375	3
7764	335	1733	1
7767	39	1390	1
7769	55	1395	4
7770	304	1733	1
7771	607	352	1
7773	369	424	1
7775	29	1060	1
7776	341	1537	1
7777	160	102	4
7778	77	1494	4
7779	10	1213	4
7781	372	1636	1
7783	94	1778	1
7784	121	623	1
7786	20	1478	1
7787	435	1017	2
7788	56	676	3
7789	404	1778	1
7790	408	715	1
7791	408	524	1
7792	144	1077	1
7793	170	1077	1
7794	2	445	4
7795	446	887	2
7796	46	603	1
7797	27	709	1
7798	111	796	4
7800	72	955	1
7802	25	461	1
7803	50	1604	1
7804	111	243	1
7805	374	304	1
7806	131	1703	1
7807	96	373	1
7808	439	1333	1
7810	433	472	1
7812	111	883	1
7814	342	570	2
7817	316	1034	4
7819	61	375	3
7820	47	1197	1
7821	410	122	1
7824	28	691	1
7825	354	195	1
7826	607	298	3
7827	89	132	1
7828	379	1161	1
7829	383	461	1
7833	423	540	4
7834	422	667	1
7835	195	303	1
7836	142	278	1
7837	112	1213	3
7838	433	1703	1
7839	27	1225	2
7840	198	1492	1
7841	186	1077	1
7842	194	801	1
7844	52	883	1
7846	422	248	1
7847	194	243	1
7850	204	1537	1
7852	204	1091	1
7853	389	1125	1
7856	87	112	1
7857	386	850	1
7858	422	408	1
7859	138	1396	1
7862	82	883	1
7863	331	744	1
7864	90	745	1
7865	107	883	1
7867	185	518	1
7869	152	1622	1
7875	66	1196	1
7878	373	866	4
7879	165	1430	1
7880	382	1674	1
7881	357	1547	1
7883	422	609	2
7886	183	409	1
7889	66	413	2
7890	324	592	1
7891	461	1091	1
7892	117	311	1
7893	334	1026	1
7896	193	38	1
7897	76	1353	1
7900	306	1622	1
7902	365	62	1
7903	191	1396	1
7904	412	25	1
7905	76	1225	2
7906	385	766	1
7909	16	602	1
7910	29	373	1
7911	119	1769	1
7912	429	1610	1
7914	604	1556	1
7915	44	1478	1
7917	410	955	1
7918	466	1733	1
7920	349	311	1
7922	354	248	1
7923	196	1161	1
7924	138	1397	1
7927	462	524	1
7928	363	693	1
7930	325	1060	1
7931	68	1577	4
7934	96	38	1
7935	199	254	3
7936	183	667	1
7937	389	824	1
7938	119	1674	1
7939	21	311	1
7941	106	493	1
7942	32	931	1
7944	193	1674	1
7946	323	1196	1
7947	104	518	1
7949	390	1429	1
7951	450	248	1
7954	423	385	1
7955	117	1006	1
7957	25	395	1
7958	125	243	1
7959	189	1537	1
7960	162	304	1
7961	180	518	1
7962	16	1077	1
7964	318	352	1
7965	338	1254	1
7966	347	1176	1
7967	30	764	1
7970	473	327	1
7972	55	1465	1
7973	443	311	1
7974	75	1517	1
7975	35	1347	1
7976	45	461	1
7980	191	1674	1
7986	429	59	4
7987	155	365	4
7988	322	195	1
7991	117	1733	1
7992	185	375	3
7993	433	38	1
7994	154	1449	1
7995	138	221	1
7997	342	1415	1
7998	168	104	1
7999	57	267	1
8000	136	388	1
8001	391	152	3
8002	414	1430	1
8004	36	1465	1
8006	48	248	1
8010	311	62	1
8012	14	17	4
8013	374	1138	1
8014	406	1026	1
8016	120	744	1
8021	196	890	1
8023	76	311	1
8025	197	518	1
8028	374	715	1
8030	186	45	4
8032	199	1012	1
8033	98	1331	1
8035	34	1631	1
8036	302	1616	1
8037	461	152	3
8038	53	221	1
8040	346	294	1
8042	103	1626	1
8043	110	667	1
8044	60	1706	1
8045	385	393	1
8046	463	694	1
8047	400	313	1
8048	353	846	1
8052	339	693	1
8053	325	847	1
8054	29	1271	1
8058	171	1499	2
8060	452	585	1
8061	312	106	1
8062	203	1674	1
8063	378	112	1
8064	389	1778	1
8065	9	1547	1
8066	384	764	1
8069	46	500	4
8070	196	112	1
8071	338	1077	1
8072	128	1574	1
8073	59	1610	1
8074	142	1517	1
8075	420	202	1
8076	433	603	1
8078	184	195	1
8079	45	764	1
8080	179	1415	1
8082	473	243	1
8083	59	1006	1
8084	367	1223	1
8085	413	585	1
8086	183	243	1
8087	355	558	1
8088	195	61	1
8090	153	599	4
8092	54	1205	3
8093	128	943	1
8094	357	1396	1
8099	24	1760	1
8102	13	1537	1
8104	367	822	1
8106	123	461	1
8108	402	586	1
8109	310	1091	1
8111	426	518	1
8112	112	788	1
8113	364	61	1
8118	198	416	1
8120	13	1609	1
8121	316	883	1
8123	386	1333	1
8124	20	862	1
8125	398	1478	1
8126	84	585	1
8127	91	1492	1
8128	5	195	1
8130	388	585	1
8132	8	802	1
8137	358	1590	4
8139	190	1177	1
8140	70	464	1
8141	182	614	4
8142	301	1537	1
8144	304	837	1
8145	157	1526	1
8146	51	696	4
8149	130	524	1
8150	335	581	3
8151	607	1225	2
8152	310	1547	1
8153	141	955	1
8154	473	1733	1
8155	185	311	1
8156	89	709	3
8157	92	327	1
8160	200	1060	1
8161	426	602	1
8162	191	1100	1
8163	53	754	1
8164	464	1196	1
8165	204	1418	1
8166	96	745	1
8167	33	1390	1
8169	384	564	1
8170	52	860	1
8172	23	1415	1
8174	175	204	1
8176	153	843	1
8180	334	1674	1
8181	55	248	1
8182	412	1197	1
8183	119	902	1
8184	158	461	1
8185	317	1196	1
8188	359	842	4
8190	389	305	1
8193	321	1537	1
8194	439	1367	1
8195	398	518	1
8196	390	301	4
8197	321	1060	1
8198	445	1331	1
8200	316	461	1
8202	25	968	1
8203	172	1748	1
8205	73	132	1
8206	122	303	1
8207	353	599	4
8208	89	177	1
8210	153	1778	1
8211	110	847	1
8212	105	112	1
8216	148	1490	1
8219	370	221	1
8222	349	413	2
8223	452	796	4
8225	14	112	1
8226	436	1263	1
8227	308	1100	1
8229	15	1478	1
8230	346	1596	4
8234	382	1012	1
8236	48	1511	1
8237	15	581	3
8238	338	320	3
8239	85	461	1
8243	190	667	1
8245	129	1026	1
8247	403	305	1
8252	365	464	1
8253	451	1349	1
8254	82	202	1
8256	62	1077	1
8257	193	715	1
8259	117	1650	1
8260	78	757	1
8261	431	327	1
8262	388	603	1
8267	173	1116	1
8268	149	1225	2
8269	392	1020	1
8270	22	501	3
8272	359	304	1
8273	410	13	1
8274	363	592	1
8276	186	1738	2
8277	50	121	1
8278	382	599	4
8280	411	1574	1
8281	26	862	1
8282	322	1716	1
8283	161	705	4
8285	74	1424	1
8286	315	1424	1
8287	130	102	3
8288	449	221	1
8289	373	866	3
8292	133	1225	2
8293	185	1006	1
8294	395	1430	1
8295	175	745	1
8297	72	1349	1
8300	41	1415	1
8301	141	968	1
8302	391	1510	2
8304	52	1311	1
8308	157	1279	1
8310	422	1361	4
8311	455	901	1
8312	23	372	1
8313	203	1478	1
8314	112	1017	2
8315	404	1528	2
8316	125	102	3
8321	165	1463	1
8322	189	1517	1
8326	304	1017	2
8328	311	883	1
8329	194	1569	1
8330	427	1461	1
8331	384	823	1
8333	400	632	1
8336	328	864	4
8339	11	1471	4
8341	134	408	4
8343	4	602	1
8344	101	843	1
8348	305	373	1
8350	113	1478	1
8351	473	862	1
8354	182	614	3
8357	424	1100	1
8358	461	1333	1
8359	386	1077	1
8360	327	676	4
8367	29	883	1
8368	8	1225	2
8369	142	1778	1
8371	404	1733	1
8372	607	883	1
8373	5	873	1
8374	343	56	1
8376	462	1192	1
8377	341	1116	1
8378	110	1424	1
8379	318	617	3
8380	403	311	1
8381	78	1012	1
8382	94	602	1
8384	372	1698	1
8387	65	267	1
8390	473	221	1
8391	475	876	3
8394	149	1077	1
8396	79	1547	1
8398	462	587	1
8401	335	754	1
8402	395	1424	1
8403	360	1060	1
8404	104	1500	1
8406	121	764	1
8408	345	461	1
8411	442	1465	1
8412	176	1579	2
8413	378	102	3
8414	32	1176	1
8415	85	188	1
8416	323	379	1
8418	31	1547	1
8420	151	667	1
8421	61	345	1
8422	69	764	1
8425	427	754	1
8426	69	112	1
8428	9	188	1
8429	315	1478	1
8431	30	1249	1
8433	343	1263	1
8435	81	1544	1
8436	185	881	1
8438	143	1716	1
8442	33	943	1
8443	417	754	1
8444	168	1449	1
8445	372	1733	1
8447	186	694	1
8449	158	715	1
8450	415	1120	1
8452	121	696	4
8454	48	1674	1
8455	25	464	1
8456	113	1077	1
8458	418	413	2
8459	185	1264	1
8462	70	1353	1
8463	64	1554	3
8464	384	1547	1
8470	386	299	1
8472	56	525	1
8474	464	1006	1
8475	143	294	1
8476	382	344	1
8477	154	400	1
8478	56	1474	1
8482	119	1579	2
8484	53	416	1
8486	101	1017	2
8487	429	1077	1
8488	70	1101	1
8490	145	1060	1
8491	70	1360	1
8493	47	564	1
8494	45	667	1
8495	32	311	1
8496	305	1706	1
8497	168	375	3
8498	111	461	1
8499	365	408	1
8500	161	984	1
8501	342	493	1
8504	309	578	1
8506	7	195	1
8507	415	943	1
8508	191	898	1
8510	116	709	3
8511	365	694	1
8513	306	7	2
8514	414	1367	1
8515	142	847	1
8516	144	1415	1
8517	69	413	2
8520	58	1778	1
8522	453	1783	1
8523	314	943	1
8528	440	1430	1
8531	184	280	1
8533	35	1264	1
8535	392	1107	4
8536	324	437	3
8537	96	883	1
8540	38	320	3
8541	351	540	3
8543	65	694	1
8545	384	1213	3
8546	150	617	4
8547	328	177	1
8548	162	1547	1
8549	30	461	1
8551	130	480	4
8552	469	25	1
8553	422	102	3
8556	25	1478	1
8559	85	1424	1
8560	389	1349	1
8561	442	632	1
8563	142	834	1
8565	424	912	1
8568	20	461	1
8569	3	1495	1
8570	16	1537	1
8572	124	17	4
8573	80	1213	3
8574	406	807	1
8577	456	445	3
8578	35	1713	1
8581	102	1510	2
8582	30	1176	1
8585	75	472	1
8587	332	715	1
8588	47	1716	1
8589	451	1129	4
8590	364	59	4
8592	9	1204	1
8593	68	943	1
8594	9	327	1
8595	460	1528	2
8596	445	1223	1
8601	334	151	1
8602	338	847	1
8604	362	1517	1
8606	424	1465	1
8607	339	58	1
8609	140	883	1
8610	345	1113	1
8611	437	1221	1
8612	84	221	1
8613	373	385	1
8614	31	501	3
8615	95	943	1
8616	198	1537	1
8617	105	667	1
8618	424	332	1
8620	340	1225	2
8621	79	1574	1
8624	470	152	4
8625	400	1026	1
8627	467	1353	1
8628	99	1285	1
8629	63	883	1
8630	304	745	1
8632	86	1091	1
8633	181	375	3
8634	347	505	1
8635	195	1739	1
8638	90	126	1
8640	383	251	3
8641	351	171	1
8642	422	195	1
8643	472	564	1
8644	52	1367	1
8645	471	506	1
8646	189	1556	1
8647	52	592	1
8648	200	1706	1
8651	136	1138	1
8652	107	693	1
8653	400	1517	1
8654	18	1716	1
8657	165	1733	1
8659	179	304	1
8661	467	968	1
8662	126	3	3
8663	361	693	1
8665	350	1424	1
8666	37	715	1
8669	408	694	1
8670	30	858	1
8671	168	248	1
8672	335	883	1
8673	301	754	1
8674	315	883	1
8676	140	741	1
8678	164	859	1
8679	105	1547	1
8680	110	592	1
8681	431	594	1
8682	8	1210	1
8683	204	38	1
8686	604	741	1
8688	413	1579	2
8689	168	1390	1
8690	151	1556	1
8694	140	1574	1
8697	90	1537	1
8698	112	1213	4
8699	139	1674	1
8702	441	461	1
8703	33	906	4
8704	415	453	3
8705	106	221	1
8706	460	745	1
8707	73	585	1
8708	48	1034	4
8709	365	654	1
8711	14	461	1
8713	151	525	1
8714	30	1060	1
8715	144	243	1
8716	185	766	1
8717	154	304	1
8718	322	38	1
8719	72	843	1
8722	452	33	1
8723	26	676	4
8726	146	540	3
8727	158	602	1
8728	21	1423	3
8729	166	883	1
8730	370	1138	1
8737	163	1353	1
8740	459	883	1
8741	165	847	1
8742	204	640	1
8745	361	1353	1
8746	403	1706	1
8748	37	603	1
8749	95	461	1
8750	38	1077	1
8751	17	754	1
8752	11	744	1
8754	453	693	1
8755	349	766	1
8756	604	745	1
8757	120	1547	1
8758	95	906	4
8760	10	373	1
8766	74	1100	1
8770	128	1713	1
8771	379	757	1
8772	304	873	1
8774	464	694	1
8775	457	667	1
8776	206	177	1
8777	33	1424	1
8779	25	1077	1
8780	347	17	4
8781	414	587	1
8782	317	585	1
8784	337	388	1
8785	115	1353	1
8786	427	1752	1
8787	417	1070	2
8788	460	1390	1
8789	98	999	1
8791	62	437	3
8792	55	251	3
8793	181	1091	1
8794	445	524	1
8795	47	1225	2
8799	129	741	1
8800	372	1554	3
8801	430	1544	1
8803	63	587	1
8805	70	25	1
8807	89	1749	1
8808	4	1138	1
8810	171	1353	1
8816	411	303	1
8817	447	584	1
8819	384	1674	1
8820	52	481	1
8821	52	352	1
8823	58	152	4
8827	92	1622	1
8829	115	1537	1
8830	347	1752	1
8832	154	1482	4
8834	111	1733	1
8835	317	1285	1
8836	305	706	1
8838	329	243	1
8841	312	205	2
8847	392	1026	1
8848	161	883	1
8850	39	1674	1
8851	349	50	1
8852	306	526	1
8853	99	1101	1
8854	430	1733	1
8855	153	298	4
8856	68	248	1
8857	66	960	4
8859	85	38	1
8860	360	109	1
8861	464	1778	1
8862	129	416	1
8863	99	413	2
8864	204	437	3
8865	52	204	1
8866	59	248	1
8868	91	248	1
8869	475	281	4
8870	188	754	1
8871	11	526	1
8873	357	883	1
8875	352	505	1
8876	108	1495	1
8877	128	858	1
8879	186	1415	1
8880	205	1665	1
8881	464	177	1
8884	59	1674	1
8885	327	999	1
8887	175	1547	1
8888	353	1703	1
8889	308	667	1
8890	96	594	1
8891	203	1107	4
8892	155	898	1
8893	166	1579	2
8894	394	1077	1
8895	443	1703	1
8896	110	693	1
8897	130	564	1
8899	13	1196	1
8900	7	586	1
8901	9	112	1
8902	107	62	1
8904	444	1465	1
8908	186	1547	1
8909	139	262	1
8910	364	1639	1
8911	440	744	1
8912	305	1721	1
8914	204	587	1
8916	455	847	1
8918	101	1733	1
8919	306	754	1
8920	411	864	4
8921	174	372	1
8922	415	1097	1
8924	191	654	1
8925	146	493	1
8928	454	1430	1
8930	136	603	1
8932	27	829	1
8935	158	817	1
8938	204	1698	1
8939	101	1748	1
8940	140	1556	1
8941	414	883	1
8942	417	1616	1
8943	140	195	1
8946	18	518	1
8947	443	623	1
8950	433	744	1
8953	416	1049	1
8954	175	696	4
8956	356	207	1
8957	408	188	1
8963	607	1349	1
8964	179	1221	1
8965	147	1579	2
8966	356	1225	2
8967	454	871	1
8968	62	262	1
8969	32	294	1
8970	180	1052	1
8971	143	425	1
8975	408	501	3
8976	457	1017	2
8977	138	1430	1
8978	124	416	1
8979	146	1116	1
8980	302	1739	1
8981	470	1783	1
8982	304	1096	1
8983	117	1101	1
8985	53	472	1
8986	388	248	1
8987	17	204	1
8989	443	397	1
8992	446	1196	1
8993	379	413	2
8994	29	616	1
8996	139	38	1
8998	340	501	3
9000	403	955	1
9001	157	696	4
9002	31	303	1
9003	50	715	1
9005	357	177	1
9006	61	1264	1
9007	462	862	1
9008	131	1353	1
9009	363	204	1
9015	67	1347	1
9017	431	112	1
9019	79	1698	1
9020	403	1049	1
9022	20	1634	1
9023	396	696	4
9025	51	1706	1
9026	185	1557	4
9028	65	1510	1
9029	461	1109	1
9032	93	1225	2
9033	176	1367	1
9035	70	340	1
9036	35	518	1
9038	19	1348	1
9039	92	221	1
9041	22	715	1
9042	48	17	4
9044	164	594	1
9045	470	764	1
9046	157	243	1
9047	149	1272	1
9050	414	251	3
9051	431	577	1
9052	350	1473	2
9054	25	267	1
9056	384	1074	1
9057	471	1026	1
9058	198	1374	1
9059	417	862	1
9060	184	1767	1
9062	372	1210	1
9064	382	413	2
9066	65	1547	1
9067	33	464	1
9068	101	1621	1
9071	59	1331	1
9076	462	206	1
9077	28	352	1
9078	61	1579	2
9081	357	1537	1
9082	44	745	1
9085	335	1225	2
9087	91	1077	1
9088	66	745	1
9089	168	518	1
9090	474	822	1
9091	193	824	1
9092	86	416	1
9093	361	1006	1
9096	131	38	1
9097	342	372	1
9098	90	1390	1
9099	117	461	1
9101	383	416	1
9102	439	1415	1
9103	381	305	1
9104	453	7	2
9106	58	1138	1
9107	119	1207	2
9108	302	540	3
9113	463	616	1
9115	115	461	1
9117	186	45	3
9118	199	518	1
9119	166	581	3
9121	302	1397	1
9122	352	579	1
9125	35	860	1
9126	370	1531	1
9128	46	61	1
9129	69	1285	1
9131	364	221	1
9134	120	177	1
9135	7	709	3
9137	174	1107	4
9139	82	1577	4
9140	302	301	4
9141	96	1545	1
9143	84	859	1
9144	429	461	1
9145	133	501	3
9147	188	599	4
9148	359	500	4
9149	381	1077	1
9150	18	461	1
9151	109	1424	1
9152	472	474	1
9154	306	876	3
9155	142	352	1
9156	374	461	1
9158	410	943	1
9160	33	1348	1
9161	451	248	1
9164	198	1739	1
9169	337	1176	1
9172	466	1622	1
9173	102	1500	1
9174	2	435	1
9175	401	847	1
9176	427	1700	1
9177	341	847	1
9180	422	1223	1
9181	89	112	1
9182	111	1077	1
9184	351	540	4
9186	150	715	1
9187	112	1674	1
9188	460	1100	1
9189	357	1120	1
9190	352	715	1
9191	85	1397	1
9192	23	321	1
9193	443	1472	1
9195	39	300	1
9196	56	587	1
9197	370	1579	2
9199	99	1626	1
9200	190	1494	4
9202	74	864	4
9206	418	873	1
9207	409	278	1
9208	98	314	1
9210	113	1511	1
9211	358	741	1
9213	363	524	1
9214	304	667	1
9215	306	112	1
9216	191	1360	1
9217	57	425	1
9218	81	1634	1
9220	436	1694	1
9222	43	1547	1
9224	169	17	3
9226	366	1783	1
9227	160	943	1
9228	343	883	1
9230	35	788	1
9231	378	413	2
9232	139	1060	1
9233	100	202	1
9234	204	1396	1
9235	379	1626	1
9237	108	824	1
9238	321	725	1
9239	357	823	1
9240	20	1077	1
9242	7	615	4
9243	449	582	1
9244	446	715	1
9245	469	195	1
9246	130	883	1
9247	387	883	1
9249	168	122	1
9252	472	1674	1
9253	374	1055	3
9255	356	1703	1
9257	192	587	1
9258	142	1537	1
9261	165	375	4
9262	433	1590	4
9263	115	788	1
9267	141	1424	1
9268	86	1574	1
9270	3	592	1
9271	29	901	1
9272	90	278	1
9273	349	764	1
9274	411	493	1
9275	325	524	1
9276	164	372	1
9277	453	1342	1
9281	98	1285	1
9282	74	609	2
9283	429	1547	1
9284	389	1716	1
9285	9	1333	1
9286	153	757	1
9288	331	1017	2
9289	76	1285	1
9291	404	1537	1
9293	323	1706	1
9294	129	883	1
9295	81	1097	1
9296	52	1537	1
9297	313	461	1
9300	100	1748	1
9302	374	204	1
9303	69	1590	4
9305	344	344	1
9307	438	1225	2
9308	98	1109	1
9311	68	1430	1
9315	102	968	1
9320	460	372	1
9321	204	1077	1
9322	204	1333	1
9323	347	847	1
9324	402	372	1
9325	421	388	1
9327	115	311	1
9329	330	693	1
9330	105	413	2
9332	469	1349	1
9335	31	1107	4
9336	345	1192	1
9337	110	38	1
9338	449	278	1
9339	308	1547	1
9340	3	1077	1
9342	338	883	1
9345	181	518	1
9347	422	1733	1
9348	114	1574	1
9350	420	1556	1
9351	436	859	1
9352	88	1225	2
9353	24	1017	2
9354	21	1650	1
9355	317	254	3
9356	125	102	4
9357	47	1674	1
9358	163	311	1
9360	311	58	1
9361	106	122	1
9362	3	633	1
9364	204	715	1
9365	96	413	2
9367	63	461	1
9368	100	1120	1
9371	103	1225	2
9372	386	1430	1
9373	108	898	1
9374	83	883	1
9375	343	1395	4
9376	441	1716	1
9378	76	25	1
9379	467	1077	1
9380	368	603	1
9381	361	352	1
9382	61	898	1
9383	424	577	1
9384	57	53	1
9386	382	375	3
9387	183	1111	1
9388	147	1077	1
9390	81	1547	1
9394	345	1415	1
9396	426	862	1
9397	206	715	1
9400	54	7	2
9401	374	846	1
9402	433	1219	1
9404	88	715	1
9405	318	762	4
9406	347	221	1
9408	304	1474	1
9409	195	603	1
9410	414	493	1
9411	172	1610	1
9412	56	461	1
9413	446	372	1
9415	58	195	1
9416	17	1415	1
9417	59	524	1
9418	460	625	1
9419	185	352	1
9420	390	640	1
9421	337	1579	2
9422	28	1748	1
9423	16	1390	1
9425	341	112	1
9426	96	1415	1
9428	371	885	2
9431	391	461	1
9433	316	1783	1
9435	130	1221	1
9436	328	715	1
9438	452	1531	1
9439	348	373	1
9441	30	204	1
9442	143	1737	1
9448	152	501	3
9449	147	1547	1
9451	391	1397	1
9454	335	1397	1
9457	135	866	3
9458	25	1748	1
9459	331	1537	1
9460	6	1579	2
9461	403	1101	1
9462	58	1537	1
9465	460	518	1
9467	92	592	1
9468	204	243	1
9470	34	715	1
9472	437	788	1
9473	117	1543	1
9474	441	540	3
9475	203	802	1
9478	133	109	1
9481	110	1415	1
9482	40	1697	2
9483	44	195	1
9484	97	121	1
9486	454	1622	1
9487	24	1748	1
9489	10	474	1
9491	5	564	1
9492	607	1111	1
9495	54	1254	1
9498	191	526	1
9499	130	413	2
9500	6	1423	3
9503	65	395	1
9504	304	121	1
9505	41	195	1
9507	2	1367	1
9508	197	788	1
9510	438	1739	1
9511	457	1060	1
9512	70	1285	1
9515	31	822	1
9516	159	693	1
9517	109	1367	1
9518	153	1424	1
9520	65	304	1
9521	60	188	1
9522	191	1077	1
9524	151	1077	1
9525	82	493	1
9527	405	1620	1
9529	85	883	1
9533	460	1196	1
9534	358	1418	1
9535	411	416	1
9537	463	372	1
9539	198	1631	1
9540	186	408	1
9541	205	594	1
9542	120	61	1
9543	359	1579	2
9546	56	847	1
9547	66	1096	1
9549	166	38	1
9550	15	1367	1
9552	186	912	1
9553	48	1716	1
9555	319	1225	2
9557	404	1333	1
9559	112	1748	1
9561	113	674	1
9564	349	943	1
9565	459	901	1
9566	156	979	4
9568	607	943	1
9570	385	1331	1
9571	205	1478	1
9572	112	311	1
9573	154	1579	2
9574	195	1622	1
9575	9	195	1
9576	83	1111	1
9577	317	132	1
9578	420	1752	1
9580	169	1748	1
9581	353	1674	1
9584	331	801	1
9585	112	435	1
9588	362	1643	4
9589	117	1176	1
9590	170	1631	1
9591	389	1733	1
9593	44	1285	1
9594	84	1430	1
9595	160	220	1
9596	115	1674	1
9597	385	1579	2
9603	115	873	1
9604	364	755	1
9605	470	883	1
9607	337	1461	1
9608	53	1739	1
9609	308	461	1
9610	429	305	1
9611	5	1060	1
9612	334	232	3
9614	20	842	3
9615	401	603	1
9616	32	693	1
9617	134	408	1
9618	316	822	1
9619	122	1077	1
9621	51	38	1
9622	422	1347	1
9623	47	693	1
9624	438	1006	1
9625	69	1176	1
9626	106	301	4
9627	38	555	4
9629	405	676	3
9630	171	1478	1
9631	138	501	3
9632	437	102	3
9633	145	1478	1
9634	27	864	1
9635	358	1424	1
9636	454	883	1
9638	15	715	1
9639	423	1096	1
9641	58	304	1
9642	52	873	1
9643	449	1590	4
9645	318	1674	1
9647	407	461	1
9648	421	585	1
9650	328	248	1
9651	421	518	1
9652	14	1674	1
9655	151	1778	1
9656	176	1537	1
9657	329	822	1
9659	200	311	1
9660	335	1060	1
9661	35	204	1
9662	343	1225	2
9663	110	883	1
9664	472	1309	1
9666	332	1285	1
9667	16	1331	1
9669	27	807	1
9670	74	1231	1
9674	7	1713	1
9676	426	1415	1
9678	190	195	1
9679	125	518	1
9682	384	195	1
9683	31	715	1
9684	19	694	1
9686	100	1510	2
9687	324	1121	1
9689	396	397	1
9691	362	694	1
9692	69	221	1
9694	335	1622	1
9696	14	435	1
9697	82	352	1
9698	427	592	1
9700	171	500	3
9701	324	1733	1
9704	390	709	3
9705	67	1468	3
9706	93	474	1
9708	316	1017	2
9709	412	1665	1
9710	14	796	4
9711	431	1353	1
9713	607	90	4
9715	131	195	1
9716	460	1216	4
9722	149	1610	1
9723	78	540	4
9728	417	1500	1
9729	347	7	2
9730	18	1500	1
9731	350	131	4
9732	92	744	1
9734	74	1111	1
9735	445	585	1
9736	387	413	2
9737	366	822	1
9738	334	1739	1
9740	445	651	4
9741	136	518	1
9742	159	17	3
9743	354	1424	1
9745	50	526	1
9746	391	898	1
9747	357	691	1
9749	316	1674	1
9750	140	1374	1
9751	98	131	4
9754	69	1012	1
9755	128	122	1
9758	453	764	1
9759	205	651	4
9760	45	694	1
9761	162	749	1
9764	26	1537	1
9765	367	344	1
9767	312	1329	4
9769	394	316	1
9770	124	1192	1
9771	91	1415	1
9773	109	1187	4
9775	22	755	1
9777	54	1279	1
9780	369	1697	2
9781	311	1430	1
9783	415	1733	1
9785	159	1060	1
9787	416	1109	1
9788	607	578	1
9790	135	1424	1
9793	151	1367	1
9794	306	1107	4
9795	45	278	1
9796	198	706	1
9798	204	1665	1
9800	304	202	1
9802	310	1415	1
9803	464	1216	4
9805	449	1698	1
9806	75	1077	1
9807	75	204	1
9808	186	1747	4
9810	15	373	1
9811	357	132	1
9813	185	171	1
9814	18	1116	1
9816	604	1111	1
9818	452	1674	1
9819	175	524	1
9821	165	596	3
9823	186	846	1
9825	95	1397	1
9827	204	847	1
9831	33	1665	1
9832	342	1051	1
9833	35	1096	1
9834	452	1778	1
9836	131	1537	1
9837	362	1367	1
9842	38	873	1
9843	44	1424	1
9844	124	1449	1
9845	201	1696	1
9846	418	17	3
9848	9	1733	1
9850	197	715	1
9851	126	46	1
9855	74	1739	1
9857	83	385	1
9858	203	694	1
9861	116	1528	2
9862	122	359	4
9864	423	1279	1
9865	72	1096	1
9866	302	1225	2
9867	41	1636	1
9868	147	715	1
9871	316	1077	1
9872	62	46	1
9875	401	437	3
9876	331	1716	1
9879	388	1510	2
9880	457	1674	1
9882	64	1472	1
9884	467	599	4
9885	172	109	1
9887	143	278	1
9888	134	1254	1
9889	457	131	4
9892	14	592	1
9893	204	267	1
9894	311	432	1
9895	90	1166	4
9896	323	754	1
9900	6	1112	4
9905	16	594	1
9906	438	1060	1
9907	66	1418	1
9910	403	620	1
9911	125	1074	1
9913	462	1739	1
9914	120	327	1
9915	466	1418	1
9916	126	1143	4
9917	362	823	1
9918	189	1703	1
9919	44	221	1
9920	331	204	1
9921	128	437	3
9922	104	314	1
9926	161	1091	1
9929	318	1415	1
9932	102	1625	3
9936	30	592	1
9938	301	232	3
9939	204	824	1
9941	76	1397	1
9942	140	188	1
9943	59	1365	4
9944	36	501	3
9945	418	1349	1
9947	85	320	3
9948	72	1478	1
9949	19	1424	1
9951	449	352	1
9952	169	1579	2
9954	18	305	1
9956	440	299	1
9961	325	862	1
9962	101	243	1
9965	192	1674	1
9966	367	890	1
9967	136	405	4
9968	451	195	1
9969	112	1478	1
9970	319	201	3
9973	123	1404	4
9974	331	1404	4
9975	159	1590	4
9976	161	252	3
9977	108	744	1
9979	111	46	1
9980	9	1537	1
9982	389	1339	1
9983	411	1528	2
9984	19	195	1
9985	437	38	1
9986	404	1006	1
9988	334	1704	1
9991	332	248	1
9994	429	667	1
9995	335	1577	4
9996	316	243	1
9997	445	311	1
9998	339	709	3
9999	181	1161	1
10000	74	56	1
10002	370	1074	1
10003	120	723	1
10004	101	744	1
10005	39	1636	1
10008	404	1418	1
10010	96	1096	1
10014	49	725	1
10015	350	594	1
10017	317	1396	1
10019	323	1012	1
10021	417	188	1
10022	94	221	1
10023	171	188	1
10025	384	248	1
10026	358	1706	1
10027	195	524	1
10028	54	340	1
10029	423	1415	1
10031	72	757	1
10032	464	1397	1
10033	381	1557	4
10034	151	883	1
10035	87	1472	1
10039	390	931	4
10040	446	132	1
10041	52	1285	1
10042	357	1778	1
10043	143	1634	1
10044	457	1547	1
10045	457	522	1
10049	85	1060	1
10052	133	416	1
10054	18	320	4
10056	372	1225	2
10057	203	1778	1
10058	67	767	4
10059	106	901	1
10064	194	787	1
10065	413	1674	1
10067	363	1096	1
10069	105	195	1
10070	338	587	1
10071	149	744	1
10073	8	912	1
10074	2	461	1
10075	161	252	4
10078	606	342	1
10079	197	581	3
10082	388	587	1
10083	16	518	1
10084	116	871	1
10086	33	1096	1
10089	383	1610	1
10090	429	754	1
10091	182	643	1
10092	25	745	1
10094	143	596	3
10095	130	862	1
10096	39	152	3
10097	22	1097	1
10098	194	581	3
10101	349	1423	3
10102	438	603	1
10106	324	461	1
10108	84	106	1
10109	466	943	1
10110	385	1006	1
10112	124	1415	1
10113	353	1397	1
10115	456	435	1
10116	9	585	1
10117	10	592	1
10118	183	883	1
10119	370	881	1
10122	84	603	1
10123	175	1367	1
10128	329	753	1
10130	364	991	1
10131	24	25	1
10132	413	385	1
10134	433	1074	1
10137	53	587	1
10138	368	644	1
10141	34	1225	2
10143	321	1225	2
10146	438	248	1
10149	203	416	1
10150	334	1225	2
10151	23	1399	2
10153	62	873	1
10157	408	1020	1
10158	394	1547	1
10159	365	177	1
10160	147	1472	1
10161	351	461	1
10162	122	3	3
10163	305	883	1
10164	52	674	1
10165	164	1111	1
10166	308	1610	1
10168	57	1225	2
10169	96	873	1
10170	28	694	1
10171	131	564	1
10172	372	955	1
10174	329	1125	1
10176	58	298	3
10178	105	461	1
10180	110	1017	2
10181	191	1353	1
10186	64	1547	1
10187	301	862	1
10188	378	1342	1
10189	402	62	1
10190	161	592	1
10193	438	864	4
10194	317	862	1
10196	138	555	4
10198	103	1616	1
10199	460	1367	1
10200	312	885	2
10202	82	1192	1
10203	201	237	3
10204	473	1674	1
10206	346	1060	1
10207	192	1557	4
10209	113	38	1
10211	319	1430	1
10212	306	1424	1
10213	19	945	4
10214	130	1396	1
10215	341	1225	2
10217	81	603	1
10218	194	883	1
10219	119	1478	1
10221	30	195	1
10222	441	883	1
10223	435	311	1
10224	463	887	2
10225	361	159	3
10227	96	1634	1
10231	350	1471	4
10232	355	121	1
10233	324	1415	1
10236	173	248	1
10239	38	1060	1
10240	85	1225	2
10241	119	1049	1
10242	414	305	1
10243	174	1490	1
10246	427	102	3
10247	347	1749	1
10248	355	1579	2
10252	382	1091	1
10254	354	881	1
10255	58	1060	1
